exercise,Participant,hand,rep_count,start_value_mean,start_value_std,peak_value_mean,peak_value_std,end_value_mean,end_value_std,num_frames_up_mean,num_frames_up_std,num_frames_down_mean,num_frames_down_std,vel_mean_down_mean,vel_mean_down_std,vel_sd_down_mean,vel_sd_down_std,acc_mean_down_mean,acc_mean_down_std,acc_sd_down_mean,acc_sd_down_std,vel_mean_up_mean,vel_mean_up_std,vel_sd_up_mean,vel_sd_up_std,acc_mean_up_mean,acc_mean_up_std,acc_sd_up_mean,acc_sd_up_std,freq num,magnitude mean,magnitude sd,DF3_freq,DF2_freq,DF1_freq,DF3_mag,DF2_mag,DF1_mag,CL,cycles num,label
raise_arms_horizontally,0812202001a.xlsx,left,-0.239045722,0.15282131,-0.634644263,-0.147740314,-0.687865728,0.398960116,-0.642048472,0.845197756,-0.796643259,1.90139449,1.399752128,0.706477032,-0.412165971,-0.482795941,-0.535104067,0.329805196,-0.367791785,-0.509187285,-0.479064137,-0.624369645,-0.51714073,-0.627165935,-0.591179884,-0.294176295,-0.442740788,-0.574756324,-0.608011664,0.376888494,-0.504546383,-0.575191906,-0.601144327,-0.440790704,-0.579396725,0.270925304,1.574204725,-0.567783655,0.223910235,-0.279034352,0
raise_arms_horizontally,0812202001a.xlsx,right,-0.239045722,-0.811446457,-0.760835609,0.152935118,-0.676673868,-0.940957326,-0.60802822,0.514398858,-0.902501441,0.283399083,1.239368488,0.28034142,-0.328698011,-0.146547328,-0.507136616,0.297177509,-0.349848858,-0.391704257,-0.445923539,-0.404514937,-0.466093351,-0.44685951,-0.598903851,-0.295587812,-0.444999203,-0.459545293,-0.594430502,0.376888494,-0.366011915,0.025866019,-0.601144327,-0.440790704,-0.579396725,0.601388661,2.067895668,-0.208966802,0.223910235,-0.279034352,0
raise_arms_horizontally,0812202001b.xlsx,left,-0.239045722,0.029774163,-0.707163635,-0.104696725,-0.398324543,0.328392799,-0.579560244,0.018200512,1.845077551,1.971742117,1.255392144,0.710653352,-0.418431003,-0.119794078,-0.010812443,0.35901453,-0.334385457,-0.001890351,0.438423127,-0.161562984,-0.08666292,-0.24799499,-0.60051749,-0.082940759,-0.247162855,-0.216505047,-0.4378939,0.233549111,-0.147845414,-0.135287529,-0.211573324,-0.554837159,-0.266512224,-0.036594828,0.790001677,-0.13397823,-0.05953543,0.212597601,0
raise_arms_horizontally,0812202001b.xlsx,right,-0.239045722,-0.871870447,-0.7241071,0.410667188,-0.626249825,-0.995889512,-0.5860994,0.063309453,-1.193999857,0.393945353,-0.549722524,0.3197437,-0.399679458,-0.055031401,-0.523651283,0.313814781,-0.350725918,-0.39066205,-0.471295586,-0.174985596,-0.477664645,-0.271708005,-0.486126596,-0.281469211,-0.425322597,-0.402321898,-0.514454268,0.233549111,-0.042168617,0.521309888,-0.211573324,-0.554837159,-0.266512224,0.392646952,1.129090456,0.278697275,-0.05953543,0.212597601,0
raise_arms_horizontally,0812202002a.xlsx,left,-0.239045722,0.313220036,-0.544661793,0.661299157,0.037383042,0.593671951,-0.268970662,1.16096034,0.570761584,0.062306543,-0.445456158,0.247294247,-0.342980445,-0.791499133,-0.404716708,0.284552548,-0.34597429,-0.453694986,-0.480922286,-0.511139991,-0.326785544,-0.594925676,-0.670214235,-0.266952898,-0.407279687,-0.515903099,-0.560042363,-0.005349861,-0.798147765,0.169087389,-0.638977135,-0.643797226,-0.366372946,-1.463673044,-1.496145249,1.267420119,0.02026966,-0.279034352,0
raise_arms_horizontally,0812202002a.xlsx,right,-0.239045722,-0.276412498,-0.705986168,-0.137449112,2.023410189,-0.283158399,-0.528365604,1.16096034,3.465396633,1.197918226,0.708773949,0.556099812,-0.279866649,-0.46120608,-0.410809809,0.318216123,-0.362782731,-0.296980223,-0.465975228,-0.528380762,-0.262479646,-0.277181286,-0.646278572,-0.222720214,-0.385573842,-0.368810958,-0.584239686,-0.005349861,-0.623802324,0.176571062,-0.638977135,-0.643797226,-0.366372946,-1.452934699,-1.372230901,1.280718554,0.02026966,-0.279034352,0
raise_arms_horizontally,1212202001a.xlsx,left,-0.239045722,1.775220782,0.702822755,0.554216461,-0.11616328,2.802713167,1.406555101,-0.688506223,0.555850471,-0.972808531,1.9718271,-1.282794035,1.637015916,1.649963348,1.361332229,-0.877873619,1.426066544,1.863992021,1.869528363,0.194612334,-0.108530355,0.22633511,0.156036596,-0.214773819,-0.288481959,0.453868948,0.041146664,-1.193019037,1.303476158,1.515060083,-0.171501705,0.190327881,0.942611231,1.689988054,0.592022656,-0.903918268,-0.620005659,-0.279034352,1
raise_arms_horizontally,1212202001a.xlsx,right,-0.239045722,1.401230916,1.411436378,0.608459806,0.253510526,1.340026386,2.184027526,-0.703542536,-0.192109392,-0.580871756,0.497452738,-0.115131534,0.172301202,1.085786655,0.984290981,0.207956557,-0.166217384,1.016501791,0.914900551,0.173756238,-0.20221971,0.571651881,0.25637532,-0.390039355,-0.308797375,0.649324182,0.184819354,-1.193019037,1.520748752,1.878477201,-0.171501705,0.190327881,0.942611231,1.970787904,0.996324285,-0.911896053,-0.620005659,-0.279034352,1
raise_arms_horizontally,1212202001b.xlsx,left,0.162985719,-0.109729932,1.170846618,0.628513482,-0.595043443,-0.492431466,0.590813069,-0.502431843,0.263175904,0.05853792,0.360545433,0.064546181,0.083662855,0.23568243,0.473248407,0.390710436,-0.062667612,-0.111748103,0.143402701,0.256952705,-0.043397541,1.066493758,1.127233747,-0.516931328,-0.141958356,0.824220822,0.878252952,-0.633312874,0.833572726,0.916363317,-0.287980955,-0.066905152,0.483567918,1.663070391,0.67868398,-1.141784558,-0.467275229,0.212597601,1
raise_arms_horizontally,1212202001b.xlsx,right,0.162985719,-0.164158128,0.590377229,0.576685696,-0.432021107,-0.47320625,-0.56155709,-0.331393777,-0.077735138,-0.003016253,0.276608875,0.066624283,0.053613813,0.030508692,0.039600832,0.33638122,-0.242783409,-0.218052661,-0.036631291,0.080367491,-0.244931139,1.268156453,0.968345944,-0.52670653,-0.313883081,1.023779555,0.769485204,-0.633312874,0.84614752,0.630740672,-0.12187741,-0.313889858,0.483567918,1.485344471,0.39751486,-1.164133323,-0.467275229,0.212597601,1
raise_arms_horizontally,1312202001a.xlsx,left,-0.239045722,0.21193763,-0.804980741,0.062950388,-0.764186629,0.301868417,-0.609165606,0.559507799,0.096618215,0.293448744,-0.626228539,0.408675626,-0.404070203,-0.167396012,-0.530078835,0.321549103,-0.366350689,-0.44469117,-0.467568621,-0.474067396,-0.414054913,-0.30763806,-0.683911694,-0.309086183,-0.440863226,-0.52909257,-0.578331417,0.411016919,-0.497781657,-0.244661412,-0.608323506,-0.622620739,-0.370713459,-0.343186427,0.177539051,0.467651429,0.02393886,0.212597601,0
raise_arms_horizontally,1312202001a.xlsx,right,-0.239045722,-0.441425849,-0.815607926,0.008540529,-0.661819162,-0.29729549,-0.613918535,-0.177271563,-0.716052776,1.097421617,-0.333361621,0.565890698,-0.446557637,-0.219949395,-0.554381739,0.324124396,-0.363005116,-0.448288643,-0.483492758,-0.170936677,-0.401597455,-0.149331118,-0.674468692,-0.262423484,-0.439243579,-0.408959357,-0.631231447,0.411016919,-0.387170809,-0.073046258,-0.608323506,-0.622620739,-0.370713459,-0.289496382,0.256130441,0.604412392,0.02393886,0.212597601,0
raise_arms_horizontally,1502202101a.xlsx,left,-0.239045722,-0.289832283,-0.593814641,-0.135959167,0.127752063,-0.316647085,-0.44772795,0.604616739,2.456049612,1.248166531,-0.103543871,0.602885533,-0.411212383,-0.552849088,-0.476768785,0.320357072,-0.35802982,-0.467213387,-0.443734339,0.134496764,1.345744422,0.017606307,1.140819433,0.764317944,1.175167635,0.248731178,1.50029616,-0.005349861,-0.275904956,-0.19406604,-0.250357501,-0.642409273,-0.364194846,0.280828755,-0.372475952,0.400262492,0.018435061,-0.279034352,0
raise_arms_horizontally,1502202101a.xlsx,right,-0.239045722,-0.004159417,-0.541804599,0.561310061,-0.384412363,0.608614872,-0.426540761,1.010597204,0.532078127,0.373846031,-0.922934703,0.372582027,-0.406376924,-0.440929856,-0.389211261,0.31267147,-0.359978119,-0.402535795,-0.421913268,-0.485503218,-0.357680638,-0.704778525,-0.508919455,-0.235892256,-0.434769918,-0.389331609,-0.351040658,-0.005349861,-0.35057515,0.111958156,-0.250357501,-0.642409273,-0.364194846,0.39817264,-0.144497917,0.573514844,0.018435061,-0.279034352,0
raise_arms_horizontally,1502202101b.xlsx,left,-0.239045722,-0.002122198,0.723896366,0.762704892,-0.236614203,-0.825147198,-0.15326599,1.326359788,-0.293916639,0.112554848,-0.888793607,0.187653887,-0.385477173,-0.568709799,-0.460742061,0.305557992,-0.358472345,-0.350471563,-0.396578845,-0.574407353,-0.500345844,-0.641770319,-0.170100433,-0.316211335,-0.397581404,-0.498135235,-0.142286824,-0.332982737,-0.507892428,0.492426754,-0.115088436,-0.49155733,-0.127464402,0.246733018,-0.536970593,0.852189993,-0.157686517,-0.279034352,0
raise_arms_horizontally,1502202101b.xlsx,right,-0.239045722,0.439642846,-0.317671714,1.000438197,-0.497687752,0.219308714,-0.341370796,1.025633518,-0.588275594,0.14270383,-0.703205175,0.206772281,-0.385875767,-0.215139893,-0.326532394,0.328523074,-0.354353429,-0.057111869,-0.305871262,-0.474296374,-0.483657297,-0.4554997,-0.135841865,-0.281781129,-0.344348597,-0.385529399,-0.124681622,-0.332982737,-0.261539808,0.655675829,-0.115088436,-0.49155733,-0.127464402,0.246950831,-0.337659888,0.946707701,-0.157686517,-0.279034352,0
raise_arms_horizontally,1502202102a.xlsx,left,-0.239045722,1.234752897,-0.205346893,0.171941295,-0.557511693,0.740461239,-0.601292097,-0.778724104,-0.659097612,0.393945353,-0.908187284,0.449137818,-0.44882738,-0.183283968,-0.471002944,0.299023585,-0.358194263,-0.418691574,-0.460556216,0.165785153,-0.013436292,0.943257918,0.543557937,-0.459314624,-0.276148941,0.233926839,0.57359155,0.056081303,-0.692671191,0.055626906,3.138956265,2.15072077,-0.404701358,-1.727910768,-0.955309912,1.191688927,0.053292456,-0.279034352,0
raise_arms_horizontally,1502202102a.xlsx,right,-0.239045722,-0.048031539,-0.373845231,0.030402488,-0.583267265,-0.038747944,-0.279880784,-1.064414061,0.339461413,0.856229755,0.725355994,0.5071318,-0.379088081,-0.124145579,-0.511785848,0.307328635,-0.350357516,-0.404096484,-0.45686667,1.064771516,1.648957736,2.589056959,1.36603719,0.853708214,2.338506822,1.770910748,1.626529197,0.056081303,-0.395216736,0.344622861,3.138956265,2.15072077,-0.404701358,-1.593075022,-0.796697856,1.41933193,0.053292456,-0.279034352,0
raise_arms_horizontally,1502202102b.xlsx,left,-0.239045722,0.914652268,0.15731391,0.165483026,-0.686524142,0.416710937,-0.479872399,-0.46296152,-0.659097612,0.303498405,-0.373833464,0.395883201,-0.35383067,-0.235447806,-0.449930554,0.279487598,-0.306526959,-0.42641183,-0.469695113,-0.061346627,-0.281001268,0.719134216,-0.217265786,-0.426772595,-0.345470672,0.239688832,-0.026542844,-0.94729438,-0.325109108,0.003961466,2.775507135,2.228940063,0.532652754,-1.433086537,-0.078644653,0.039212924,-0.486079876,-0.279034352,0
raise_arms_horizontally,1502202102b.xlsx,right,-0.239045722,-0.147227204,0.038876501,-0.001872423,-0.604984476,0.135765218,-0.364109038,-0.853905672,-1.462006901,0.36379637,-1.33840111,0.449047414,-0.474051888,-0.198639095,-0.438970968,0.290768362,-0.34697497,-0.44004315,-0.460323555,0.191349149,-0.411296294,2.073742247,0.439651635,-0.540929345,-0.283364627,1.38637781,0.621201225,-0.94729438,-0.054753768,0.228933752,2.775507135,2.228940063,0.532652754,-1.410822323,0.099057627,0.133333551,-0.486079876,-0.279034352,0
raise_arms_horizontally,1502202103a.xlsx,left,-0.641077163,0.755237682,-0.719521978,-1.202754011,-0.691084255,0.717706254,-0.599593258,0.063309453,-0.248206124,0.630112385,-0.832003423,0.706020803,-0.469171458,-0.736888966,-0.50741328,0.298854252,-0.35809143,-0.524537378,-0.469423779,-0.639307937,-0.40498838,-0.854713255,-0.640842841,-0.307259904,-0.442977616,-0.612028134,-0.543149677,0.076558358,-1.242436843,-1.536453468,-0.531599488,2.123025901,-0.417118867,-1.498461515,-1.84735856,-0.095937278,0.064300055,-0.279034352,0
raise_arms_horizontally,1502202103a.xlsx,right,-0.641077163,-0.809051798,-0.751205473,0.19615622,-0.578792905,-0.633830726,-0.525185035,-0.726097007,-0.6956013,1.181168792,-1.488114921,0.557162747,-0.494010935,-0.240752687,-0.489629278,0.314201678,-0.351993616,-0.363847387,-0.457355224,0.256338393,-0.267473882,-0.537472746,-0.705642961,-0.093449575,-0.302376142,-0.180659872,-0.428414836,0.076558358,-0.842309494,0.483187704,-0.531599488,2.123025901,-0.417118867,-0.906997508,-1.35255533,1.547696274,0.064300055,-0.279034352,0
raise_arms_horizontally,1502202104b.xlsx,left,1.771111485,2.040658762,1.310172353,1.022697958,-0.055928273,1.402462388,-0.454881927,1.554410543,0.655675035,0.934952099,1.09930828,0.416610176,-0.29695974,-0.607167246,-0.505776744,0.32075922,-0.360142653,-0.43900375,-0.451964726,-0.670773316,-0.438382462,-0.920188364,-0.568753046,-0.285267102,-0.438754288,-0.593370534,-0.553460155,1.905841916,-0.81671835,-1.25643524,-0.050348996,-0.419359962,-0.477029489,-0.327426316,0.26196309,0.021255185,0.119671612,1.687493461,0
raise_arms_horizontally,1502202104b.xlsx,right,1.771111485,2.554127822,1.360821244,1.054140122,0.084826259,1.770780677,-0.244919674,0.852715912,0.474716683,0.712184616,1.436668327,0.354975728,-0.254628623,-0.461377578,-0.456037206,0.319063418,-0.336408925,-0.277872133,-0.399594908,-0.514718996,-0.344599216,-0.691908662,-0.512485532,-0.24150708,-0.410445254,-0.469229688,-0.501693363,1.905841916,-0.734730584,-1.205478728,-0.050348996,-0.419359962,-0.477029489,-0.316967547,0.328579374,0.05639606,0.119671612,1.687493461,0
raise_arms_horizontally,1502202106b.xlsx,left,-0.641077163,0.356573467,-0.718322223,-0.548787275,-0.437154618,0.490033339,-0.563466306,-0.445419154,0.26169793,-1.351345759,-1.533915848,-0.16013167,-0.398840363,0.324438144,-0.234908526,0.300138802,-0.315877115,-0.110798524,-0.381339485,-0.150786539,-0.142118156,0.392125473,-0.299873729,-0.330790174,-0.417173602,-0.177697342,-0.384474312,-1.35000979,1.192572475,0.53255543,0.925297115,0.394848862,1.754672575,0.319207991,-0.418729955,-1.486052692,-0.802777662,0.212597601,1
raise_arms_horizontally,1502202106b.xlsx,right,-0.641077163,0.053843391,-0.707351489,-0.696519322,-0.197820929,0.184605834,-0.561742671,-1.04185959,0.144014508,-1.011332231,-0.643089003,0.031208033,-0.285941367,0.454225678,-0.226965425,0.300969013,-0.352113067,-0.059145425,-0.35634989,0.239187858,-0.094556287,0.406843744,-0.284862881,-0.325058471,-0.395851919,-0.032252528,-0.371370077,-1.35000979,1.320066195,0.63602844,0.925297115,0.394848862,1.754672575,0.346724359,-0.402210856,-1.477831042,-0.802777662,0.212597601,1
raise_arms_horizontally,1901202101a.xlsx,left,2.977205809,-2.276499699,2.574453949,-1.317910026,2.728721203,-1.4190011,2.419926783,-1.789164372,0.68816543,-2.021993131,0.790041827,-3.419242368,3.703333313,2.557304294,2.77578665,-3.220011945,3.486209504,2.781358595,2.966227701,2.479951818,2.944061648,1.601959927,2.432838889,3.167840602,2.392068909,2.033046611,2.260258356,-0.599184449,1.318208208,-1.290393142,0.187541085,1.122838245,-0.211259177,-0.401098613,-1.045832083,-1.651627105,-0.100202391,-0.770666305,1
raise_arms_horizontally,1901202101a.xlsx,right,-0.239045722,0.192705949,-0.13786816,0.098654941,1.289358324,1.30918559,1.415476505,-0.072017369,0.754993201,-0.460275825,-0.402822523,0.220490906,-0.169360343,0.345414828,0.248899604,0.258583268,-0.284339743,0.322704847,0.017446145,-0.201713866,-0.350641793,-0.218207957,-0.562980965,-0.392758308,-0.19294681,-0.098826535,-0.394988513,-0.599184449,0.215228031,0.620719807,0.187541085,-0.093260228,-0.211259177,0.072016017,-0.665185304,0.475074996,-0.100202391,-0.770666305,1
raise_arms_horizontally,1901202101b.xlsx,left,3.37923725,-2.378521024,2.593461517,-0.824620037,1.729390756,-2.870339452,3.417748312,-1.916785083,0.806566775,-2.056287599,0.198375926,-3.599467801,3.742440111,3.831999644,4.136608283,-3.401906104,3.367933239,4.263345038,4.413401003,3.838388217,3.825448325,2.93803702,3.942421351,6.266773127,4.360475227,2.970838355,3.538758992,-0.07360671,1.808248508,-1.118584917,-0.887674149,-0.615387833,-0.321790371,-0.21746691,-0.565342936,-1.864973934,-0.016422335,-0.279034352,1
raise_arms_horizontally,1901202101b.xlsx,right,0.565017161,-0.085899913,-0.683114216,0.421967736,0.070475304,0.069097754,-0.505533347,0.285512753,0.654015639,-0.671318704,0.200855764,-0.149856929,-0.059069582,-0.230560195,0.023597136,0.307567872,-0.306481136,0.102581569,0.027224611,-0.235140538,-0.238093424,-0.252356126,-0.158078462,-0.214502169,-0.357030285,-0.033771357,-0.101636095,-0.07360671,0.206269598,-0.549900937,-0.358436713,-0.615387833,1.001356767,0.783969457,-0.10172151,-1.539609664,-0.636364174,2.179125414,1
raise_arms_horizontally,1901202101b2.xlsx,left,4.183300133,-3.18354757,2.986741309,0.355567552,1.36548991,-2.215892053,3.391682769,-2.123638813,-0.083094699,-2.023556411,1.055462807,-4.915917125,3.859467242,4.723824782,4.020894369,-4.882661012,4.76916722,4.283508125,3.623437252,5.537543347,4.367333559,4.563558263,4.092767958,3.112479054,4.069052995,5.73643726,4.675354015,0.513402193,1.591242807,-0.51282881,0.461935153,-0.334995367,-0.427588301,-0.533646653,0.66906074,-1.166337287,0.073702379,0.212597601,1
raise_arms_horizontally,1901202101b2.xlsx,right,0.162985719,-0.159251184,-0.480757527,0.815346522,-0.454284739,-0.080818374,-0.506171853,1.023753979,-0.208618737,-0.099744239,-0.125807206,0.10454599,-0.273988367,-0.43230795,-0.253669975,0.279270758,-0.349291615,-0.307667811,-0.22743613,-0.455235493,-0.418176234,-0.509919078,-0.661447174,-0.313299345,-0.404198562,-0.358359402,-0.52091469,0.513402193,-0.453846799,-0.088378671,-0.520492123,-0.334995367,-0.427588301,0.469872432,0.921247304,0.517760317,0.073702379,0.212597601,0
raise_arms_horizontally,2001202101a.xlsx,left,-1.445140046,1.082551014,-0.121217587,-0.273865118,3.97760033,1.725124206,0.702977268,0.194877196,2.35961887,-1.110991369,1.065152465,0.138258488,-0.043295419,-0.582667947,-0.22366818,0.270878296,-0.327465673,-0.439288936,-0.456006692,-0.512745229,-0.290192187,-0.551584407,-0.289658888,-0.401338967,-0.337307637,-0.657235986,-0.611937497,-0.305679998,-0.524927628,-0.051736464,-0.273673247,-0.50735567,-1.885347824,1.515000585,1.284159306,-0.814400941,8.037470658,-3.228826071,1
raise_arms_horizontally,2001202101a.xlsx,right,-1.445140046,0.227660303,0.199595162,-0.761155542,3.556452912,-0.552363853,-0.580384634,-0.226139582,-0.221815044,-0.02060316,-0.157416751,0.458536338,-0.244230223,-0.485260715,-0.261064844,0.309066553,-0.346837422,-0.462783517,-0.437892234,-0.488929255,-0.383715869,-0.676049535,-0.470513743,-0.348168531,-0.355864907,-0.660943991,-0.637727018,-0.305679998,-0.581501919,-0.179696189,-0.273673247,-1.581057686,-0.44110512,1.412300117,1.255459956,-0.868067157,0.086009486,-0.770666305,1
raise_arms_horizontally,2001202101a2.xlsx,left,-0.239045722,1.143106597,0.012027499,0.726902915,-0.299349826,0.758192698,-0.473162536,1.236141907,0.280758119,-0.721567008,-0.34915242,-0.125411464,-0.239141272,-0.324359756,-0.456358328,0.303927964,-0.353871814,-0.429931489,-0.445781439,-0.588532129,-0.437794073,-0.423947132,-0.720559618,-0.329438297,-0.385989068,-0.622661527,-0.574584731,0.076558358,-0.779593623,0.350149447,1.350907359,0.816751237,-0.417118867,-0.992341842,-1.369312573,1.489191793,0.064300055,-0.279034352,0
raise_arms_horizontally,2001202101a2.xlsx,right,-0.239045722,-0.447689756,-0.407111134,0.40844335,-0.370150183,-0.67503986,-0.608838001,0.785052502,0.280758119,-0.239183284,-0.264632163,0.092140089,-0.281719695,-0.337434925,-0.390015091,0.310997387,-0.358664411,-0.4348348,-0.457496974,-0.424262596,-0.361566307,-0.45256142,-0.623859837,-0.316230093,-0.383717278,-0.602455251,-0.633859424,0.076558358,-0.742660661,0.467439255,1.350907359,0.816751237,-0.417118867,-0.976480569,-1.461175516,1.610229567,0.064300055,-0.279034352,0
raise_arms_horizontally,2001202102a.xlsx,left,-0.239045722,0.287561913,-0.748711595,1.024447951,-0.673434965,0.387119052,-0.592379775,0.048273139,-1.350692164,1.911444151,-0.379690952,0.600745143,-0.459660651,-0.62969096,-0.564970865,0.322615894,-0.362307473,-0.515774591,-0.437294031,-0.104154169,-0.474997192,-0.186877027,-0.606695975,-0.298113113,-0.44267583,-0.357737125,-0.565964318,1.12088815,-0.669301678,-0.233486578,-1.19217941,-0.421533493,-0.510518335,1.997740919,1.7143555,-0.100775838,0.152360844,0.704229555,0
raise_arms_horizontally,2001202102a.xlsx,right,-0.239045722,-0.303661522,-0.848752728,0.780219522,-0.695502925,-0.238131375,-0.608274246,0.048273139,-1.514475049,1.388861784,-1.144368959,0.532611278,-0.486553517,-0.581205536,-0.522686692,0.317542078,-0.364068898,-0.526835739,-0.482803444,-0.128099622,-0.529852704,-0.219976416,-0.560435973,-0.319426326,-0.432710497,-0.411724084,-0.616799513,1.12088815,-0.624563243,-0.237480864,-1.19217941,-0.421533493,-0.510518335,2.04338734,1.665366766,-0.105409525,0.152360844,0.704229555,0
raise_arms_horizontally,2112202001a.xlsx,left,-0.239045722,0.86937903,-0.794644893,0.535778346,-0.189527944,0.703277034,-0.504184332,0.063309453,-0.890904332,0.434143997,-0.854218627,0.403263448,-0.457963768,-0.479059134,-0.538609057,0.298427812,-0.358110057,-0.509133982,-0.485851278,-0.249798825,-0.391185408,-0.488762916,-0.519086373,-0.298116344,-0.428828253,-0.472140913,-0.507961874,0.199420686,-0.473533777,-0.016668852,-0.199516819,-0.361621733,-0.48621742,-0.644574186,-0.67952553,0.9424532,0.128511047,-0.279034352,0
raise_arms_horizontally,2112202001a.xlsx,right,-0.239045722,-0.2062049,-0.774690059,0.31987742,-0.584802954,0.036790485,-0.590192421,0.724907248,-0.314557786,0.052256882,-0.598629566,0.281105179,-0.385586473,-0.570871472,-0.476113483,0.306392982,-0.356063985,-0.516810919,-0.476666792,-0.461541492,-0.433877727,-0.595441389,-0.559238273,-0.303618714,-0.43078836,-0.54726475,-0.547731374,0.199420686,-0.554415389,-0.108684213,-0.199516819,-0.361621733,-0.48621742,-0.796820242,-0.757781422,0.894918613,0.128511047,-0.279034352,0
raise_arms_horizontally,2112202001b.xlsx,left,0.967048602,0.464128242,0.437724174,-0.103914232,2.986644378,1.340218617,0.109287,0.210665325,2.526744547,0.053261848,-0.026139938,0.456364375,-0.263408034,-0.523096316,-0.10915506,0.277017123,-0.264647144,-0.364131344,0.058108645,0.259237738,2.284025488,-0.030479836,1.596943748,1.261967979,2.459794948,0.048131598,1.518416786,2.062832669,-0.828787576,-1.350065206,-1.209930765,-0.574452706,-0.382008759,1.43306808,0.894300243,-0.45737195,0.033570509,2.179125414,0
raise_arms_horizontally,2112202001b.xlsx,right,0.162985719,-0.451710214,-0.646887161,0.277057928,-0.390664152,-0.238385682,-0.470532251,1.602652049,-0.135493399,-0.038190066,-0.525556767,0.23594281,-0.337566142,-0.708086999,-0.448942782,0.299291607,-0.353542147,-0.503985843,-0.474258583,-0.682239909,-0.498197947,-0.907627271,-0.43939907,-0.306166812,-0.437006999,-0.631655227,-0.573713007,2.062832669,-1.105990524,-1.372939134,-1.209930765,-0.574452706,-0.382008759,1.647258635,0.975971561,-0.582026412,0.033570509,2.179125414,0
raise_arms_horizontally,2112202001b2.xlsx,left,0.967048602,1.853804066,0.694074657,0.523662112,-0.336857499,0.956224741,-0.559699512,0.242241584,-0.011932775,0.552729996,1.532893429,0.300494879,-0.070212976,-0.348730274,-0.273471811,0.301304781,-0.351886659,-0.415580103,-0.269232024,-0.385693389,-0.433845455,-0.547240632,-0.154428518,-0.315725873,-0.397853795,-0.49760845,-0.473199584,1.291530273,-0.746412943,-0.848736475,-0.57574746,-0.610026763,-0.401987729,0.024661794,0.299730628,0.360334659,0.050907477,1.195861508,0
raise_arms_horizontally,2112202001b2.xlsx,right,0.967048602,0.373637521,0.961798757,0.106850759,-0.489047609,-0.37499779,-0.535026407,1.052698882,0.651767564,0.208026626,1.862981651,0.160648938,0.036110209,-0.500219242,-0.255420835,0.26830648,-0.281733793,-0.456749601,-0.261810795,-0.608780148,-0.420596493,-0.737642129,-0.213814672,-0.368521373,-0.327858593,-0.594902405,-0.524573972,1.291530273,-0.854117913,-0.985930264,-0.57574746,-0.610026763,-0.401987729,0.020647144,0.179234031,0.246856498,0.050907477,1.195861508,0
raise_arms_horizontally,2112202002a.xlsx,left,-0.239045722,-0.573826674,-0.582229616,0.289873219,-0.251468216,-0.325314236,-0.533399869,0.379072037,-0.540642984,0.313548066,-0.341478997,0.330773684,-0.331275954,-0.290992723,-0.405881995,0.317812165,-0.360021829,-0.455593224,-0.434539587,-0.335264254,-0.444132885,-0.173432076,-0.408122312,-0.26945266,-0.432478544,-0.466068871,-0.501745237,0.131163837,-0.479588916,0.212521761,0.440128501,-0.3303366,-0.449395836,-0.997794112,-1.084404345,1.26682435,0.093653651,-0.279034352,0
raise_arms_horizontally,2112202002a.xlsx,right,-0.239045722,-0.321989262,-0.769534412,-0.092392793,-0.427126516,0.102433836,-0.507876222,0.634689366,-0.607288975,0.715534503,-0.73345972,0.528899394,-0.451401877,-0.540412998,-0.464436733,0.319213184,-0.36155472,-0.521364515,-0.471509761,-0.516911146,-0.450722393,-0.311057327,-0.527206554,-0.283849778,-0.438004006,-0.558849111,-0.545147893,0.131163837,-0.692565851,-0.258723168,-0.545431915,-0.3303366,-0.449395836,-1.230037646,-1.311660154,0.951763478,0.093653651,-0.279034352,0
raise_arms_horizontally,2112202002b.xlsx,left,-0.239045722,-0.236758222,-0.797765663,0.035476579,-0.521846389,-0.303817318,-0.591445404,0.770016188,1.491563385,0.504491623,-0.844888446,0.445041439,-0.444645556,-0.395573903,-0.508560074,0.327106739,-0.367411185,-0.499536621,-0.482640763,-0.48033893,-0.378960657,-0.497593048,-0.498365221,-0.273132805,-0.447987865,-0.564143181,-0.507865401,0.397365549,-0.55099494,-0.400997217,-0.60547001,-0.617670624,-0.363103826,-0.015511008,0.496425558,0.225614111,0.017517761,0.212597601,0
raise_arms_horizontally,2112202002b.xlsx,right,-0.239045722,0.006974505,-0.815599736,-0.089505232,-0.471433107,0.292441267,-0.533841354,0.995560891,-0.610479229,-0.29948125,-0.145403413,0.225339734,-0.318377916,-0.588119697,-0.519211574,0.30289597,-0.352618003,-0.513240303,-0.467841401,-0.640433312,-0.517586889,-0.650905792,-0.526335536,-0.299878844,-0.438990812,-0.631852697,-0.582259819,0.397365549,-0.63098137,-0.65308583,-0.60547001,-0.617670624,-0.363103826,-0.175120106,0.420377104,0.058990056,0.017517761,0.212597601,0
raise_arms_horizontally,2112202003a.xlsx,left,-0.239045722,-0.464432414,-0.172976191,-0.089825802,-0.497958009,-0.274131015,-0.033314217,-0.102089996,-0.115453623,0.976825686,-0.981569234,0.575180744,-0.497517648,-0.413384251,-0.519286498,0.286596433,-0.355584086,-0.430470911,-0.484026732,-0.191941751,-0.291087067,-0.445504697,-0.430976692,-0.376451211,-0.317485442,-0.411677843,-0.269470356,-0.046303971,-0.473943783,-0.008116056,-0.235185207,-0.625489144,-0.337642256,-0.349629961,0.792734825,0.340656711,-0.003580137,-0.279034352,0
raise_arms_horizontally,2112202003a.xlsx,right,-0.239045722,0.293893224,-0.541601094,0.101290816,-0.504829786,0.256689154,-0.537631779,0.13849102,-0.333597585,0.293448744,-0.790257325,0.411892938,-0.429462239,-0.363897762,-0.543535411,0.273096183,-0.346698389,-0.524947666,-0.481953232,-0.332889922,-0.417603477,-0.33687667,-0.451249764,-0.372985807,-0.363922048,-0.414974896,-0.371735587,-0.046303971,-0.457667343,0.000523908,-0.235185207,-0.625489144,-0.337642256,-0.353763567,0.80803288,0.339383471,-0.003580137,-0.279034352,0
raise_arms_horizontally,2112202003b.xlsx,left,-0.239045722,0.533924217,-0.707557345,-0.099810353,-0.28918754,0.488395817,-0.453746099,0.018200512,-1.292582178,0.564789589,-0.594170289,0.514782706,-0.450982167,-0.388624,-0.471343756,0.313274493,-0.355974598,-0.460901366,-0.465229967,-0.377000357,-0.471669012,-0.252600507,-0.166981661,-0.292441099,-0.414227956,-0.265203883,-0.189525821,0.158466577,-0.901898341,-0.372520243,-0.308011644,2.016027293,-0.465093679,-1.591956249,-1.314899866,0.967189208,0.108330449,-0.279034352,0
raise_arms_horizontally,2112202003b.xlsx,right,-0.239045722,-0.436362315,-0.794209969,-0.094686648,-0.616134339,0.063921047,-0.609321282,0.739943561,0.460157745,-0.108537693,-0.402822523,0.299514177,-0.369042654,-0.303103212,-0.422756572,0.285107438,-0.3487911,-0.505168197,-0.445193436,-0.497310457,-0.333304506,-0.209796019,-0.335813253,-0.316708833,-0.432145953,-0.360472421,-0.197715921,0.158466577,-0.853503833,-0.117229538,-0.55215929,2.016027293,-0.465093679,-1.574483696,-1.279737472,1.191249917,0.108330449,-0.279034352,0
raise_arms_horizontally,2112202004b.xlsx,left,-2.249202928,-0.563094979,0.127440327,-5.11379844,-0.474262303,0.657353458,-0.539815878,-1.568130564,-1.297137924,-1.128578275,1.759170158,1.237675441,-0.537259932,-1.25840917,-0.468361213,0.313112972,-0.349385321,-0.624177398,-0.463734292,-1.316674089,-0.299038289,-1.431990816,-0.434361615,-0.30386911,-0.429142853,-0.787634057,-0.474944732,-2.21004609,1.175254479,-1.571751758,1.048069301,-0.928667004,0.158569568,-1.252681617,-1.462492032,-2.381714696,-0.322800497,-2.737194118,1
raise_arms_horizontally,2112202004b.xlsx,right,-1.847171487,-0.314868411,-0.580835961,-5.348797715,-0.598184454,-0.904338708,0.214126726,-2.392621755,-1.229218005,-2.218966485,-0.986030659,0.894889227,-0.191229477,-1.053106971,-0.189936704,0.098941655,-0.142925294,-0.495161767,-0.258950944,-1.290937937,-0.549578511,-1.476352461,-0.759057073,-0.148321533,-0.406745618,-0.736208357,-0.634929932,-2.21004609,1.004161983,-2.812448893,-0.118266463,1.67272625,4.824101435,-1.585901272,-1.838020286,-2.749268298,-1.110455331,-0.770666305,1
raise_arms_horizontally,2112202005b.xlsx,left,-0.641077163,1.366159256,2.7840421,0.070701774,-0.558596956,0.593374699,1.974168663,-1.70846949,-0.786238389,-1.878952957,-0.779656841,-0.976167775,-0.175912759,0.646703222,0.567888703,-0.621012844,0.533934929,0.340990767,0.266171854,1.05921088,-0.106929257,1.246555402,0.456035329,-0.131687668,0.206957274,1.35552574,0.584385985,-1.957495748,3.139510487,2.9550164,2.042619177,2.533135388,2.816837725,0.961577005,0.706915641,-0.899142043,-0.952068218,-0.770666305,1
raise_arms_horizontally,2112202005b.xlsx,right,-0.239045722,1.270157201,3.198567397,-0.103780778,-0.598226971,-0.441415603,2.428426306,-1.650830288,-1.097756142,-1.94762564,-1.527724317,-1.05813749,-0.256366287,-0.422810308,-0.432786373,0.047939983,-0.201845599,-0.211120005,-0.370607775,0.792936896,-0.253548849,0.595940891,0.246042274,-0.7231859,-0.081624199,0.520977077,0.306433992,-1.957495748,2.826899379,2.971018898,2.042619177,2.533135388,2.816837725,0.734889136,0.553635192,-0.842401329,-0.952068218,-0.770666305,1
raise_arms_horizontally,2112202005b2.xlsx,left,-0.641077163,-0.297704067,0.625622114,0.027857079,-0.244941027,0.025929809,1.535694515,-1.304995077,-0.693245803,-1.738257704,-0.153317581,-1.069692305,0.235018108,0.833933033,1.184963748,-0.676864765,0.816856076,0.594696222,0.456033383,0.75547429,0.005526881,1.207527868,0.377164087,-0.561341049,-0.05129373,1.054869165,0.385960938,-1.718596776,2.56916182,2.601378946,1.650735197,0.62900616,2.392068866,0.09816638,1.100181773,-0.302310936,-0.900699424,-0.279034352,1
raise_arms_horizontally,2112202005b2.xlsx,right,-0.641077163,-1.070315938,1.576885894,-0.160597966,-0.438919043,-1.011040833,1.733041922,-1.37516454,-1.813183602,-1.574113243,-0.662526547,-0.732132323,-0.078448881,0.153146093,-0.079981273,-0.013142708,0.020612919,0.03092764,0.037757159,0.718996247,-0.145741726,0.295577178,0.555858054,-0.290567515,-0.316762631,0.299411785,0.077483906,-1.718596776,2.357013593,2.803607973,1.650735197,0.62900616,2.392068866,0.407986816,1.392957102,-0.280911148,-0.900699424,-0.279034352,1
raise_arms_horizontally,902202101a.xlsx,left,-0.239045722,0.404923447,0.793881441,-0.1082234,-0.528254014,-1.125135653,0.153420169,0.123454707,-0.245416388,1.388861784,-0.634206636,0.607219618,-0.443185356,-0.595168409,-0.438171729,0.282536979,-0.347834544,-0.500715397,-0.480177798,-0.401017931,-0.504227479,-0.397555806,-0.188590223,-0.349500063,-0.370628435,-0.488059124,-0.290763631,0.028778563,-0.506317206,-0.220263453,-0.645894546,-0.656140092,-0.385742483,-0.395225584,-0.991247785,0.576000592,0.036781058,-0.279034352,0
raise_arms_horizontally,902202101a.xlsx,right,-0.239045722,0.293937308,0.6507375,0.292701373,-0.542022792,-0.387045655,-0.619526694,-0.132162623,-0.766939891,1.489358393,-0.742048007,0.600499496,-0.485992225,-0.181187087,0.205166708,0.318828839,-0.360113279,-0.225837949,0.076726764,-0.183173241,-0.403450205,-0.123179192,-0.088670183,-0.362351127,-0.326287677,-0.273386052,-0.123399587,0.028778563,-0.254331291,0.296924859,-0.645894546,-0.656140092,-0.385742483,-0.32382429,-0.815841594,0.89161464,0.036781058,-0.279034352,0
raise_arms_horizontally,902202102b.xlsx,left,0.162985719,1.049819081,0.706865887,0.048785874,0.118562047,0.424844225,0.056261914,-1.370778949,0.420939415,-1.067024102,0.945285603,-0.866558408,1.301130494,1.376586219,2.061190845,0.017780395,0.84714889,1.566956219,1.4974789,1.313330886,1.923445834,1.116257657,2.286050082,1.866735162,2.54425767,0.912682884,1.34108498,-0.387588217,0.681986017,-0.125547482,-0.538406884,-0.242439484,0.213725369,0.942661792,0.350601155,-1.090597876,-0.350090168,0.212597601,1
raise_arms_horizontally,902202102b.xlsx,right,-0.239045722,-0.520266495,-0.766052184,0.046451823,0.718463255,-0.356529743,-0.58867503,-0.673469909,0.108500792,-0.651219382,-0.10947107,0.007546143,-0.330519231,1.208513764,0.228484711,0.448125499,-0.278163923,1.856519098,0.685366834,0.169382196,-0.244170278,-0.39195347,-0.417125062,0.035819272,-0.273993396,-0.334373476,-0.471135322,-0.387588217,0.370076699,-0.081144926,-0.239928747,-0.686256228,0.213725369,1.149672744,0.150199454,-1.051204395,-0.350090168,0.212597601,1
raise_arms_horizontally,902202103a.xlsx,left,-0.239045722,-1.156880768,0.086035823,-0.002995807,-0.599179205,-0.673722925,-0.423422085,0.980524577,-0.500273363,0.615037893,0.131497983,0.438262606,-0.375600628,-0.610603452,-0.500778755,0.313186915,-0.354835305,-0.476807105,-0.462196867,-0.558998069,-0.514538711,-0.694401565,-0.669640776,-0.306082988,-0.362500222,-0.631926346,-0.603454967,0.049255618,-0.872585479,0.004983612,-0.269917685,-0.664222773,-0.398426553,-1.334018158,-1.608832605,1.21172484,0.047788657,-0.279034352,0
raise_arms_horizontally,902202103a.xlsx,right,-0.239045722,-1.732826886,-0.245703149,0.673849919,-0.774949027,-1.92395975,-0.541676661,1.987957583,-0.162616054,0.424094336,-0.657817451,0.245630046,-0.417232533,-0.616132857,-0.485032259,0.320703357,-0.358010354,-0.458581446,-0.462381465,-0.642355495,-0.519899806,-0.655525194,-0.658309686,-0.327597664,-0.383518317,-0.675818052,-0.639470718,0.049255618,-0.762855347,0.587186615,-0.269917685,-0.664222773,-0.398426553,-1.128333166,-1.48872965,1.707654329,0.047788657,-0.279034352,0
raise_arms_horizontally,902202103b.xlsx,left,-0.239045722,-1.067421022,-0.777914754,0.237155838,-0.16298016,-0.358825393,-0.394134609,1.145924026,-0.472558221,0.293448744,-0.421250996,0.34211347,-0.372391873,-0.537326253,-0.492743756,0.303494537,-0.35660195,-0.428123253,-0.439526521,-0.564530829,-0.525658314,-0.665357744,-0.730472759,-0.226862597,-0.427663677,-0.622435375,-0.606401035,0.308631645,-0.476629939,-0.06992051,-0.470820827,-0.758622881,-0.314049315,0.709401121,-0.206422392,0.591920904,-0.022614109,0.212597601,0
raise_arms_horizontally,902202103b.xlsx,right,-0.239045722,-2.233011463,-0.795800691,0.738254955,-0.546983231,-2.009571918,-0.584936587,1.657158686,-0.869263246,0.90647806,-1.096330385,0.368519487,-0.461349412,-0.529813812,-0.5556415,0.327083582,-0.36679635,-0.469839529,-0.459426363,-0.547820943,-0.550122469,-0.535358172,-0.686969418,-0.274220201,-0.448648127,-0.654355204,-0.634154725,0.308631645,-0.354997065,0.565041995,-0.470820827,-0.758622881,-0.314049315,1.054909421,0.166720595,1.065689578,-0.022614109,0.212597601,0
raise_arms_horizontally,902202104b.xlsx,left,-1.445140046,0.097486351,-0.766950025,-0.909385805,0.10926723,1.42079946,0.979823549,-1.462876369,-0.463740792,-1.357208061,3.505289781,-2.304481862,2.210381194,2.768213112,1.948604544,-4.362459917,3.004080727,2.700338686,1.852445233,0.409048513,-0.109774508,-0.234901163,-0.279840807,0.451215564,0.085215409,0.131519476,-0.296397605,-1.199844722,1.670356948,0.160809125,0.053895365,-0.137252148,-0.835644603,0.450077332,-0.006500596,-1.434312472,0.554749727,-2.245562165,1
raise_arms_horizontally,902202104b.xlsx,right,-0.239045722,-0.837930248,-0.862567935,-0.467558841,0.478341726,-0.76532692,-0.514734763,-1.320031391,-0.808695272,-1.18385141,1.490358167,-0.618651881,0.218959163,0.700626191,0.165086732,0.41592201,-0.171538494,0.801901169,0.405320511,0.552736881,-0.244601062,-0.326942461,-0.361422858,-0.024843329,-0.186513685,-0.031762789,-0.434867557,-1.199844722,1.369028367,1.02603447,0.053895365,-0.137252148,-0.835644603,1.058380888,0.329929702,-1.19317506,0.554749727,-2.245562165,1
raise_arms_horizontally,902202105a.xlsx,left,0.967048602,1.415929624,-0.65145579,0.575813917,0.310008493,1.806196896,-0.510551089,-0.210351453,-0.311913099,-0.024120541,-0.841086802,0.321325136,-0.415309019,-0.234916843,-0.449349246,0.281107632,-0.350847143,-0.41433922,-0.440506147,-0.105950183,-0.190420146,-0.135020104,0.706026778,0.016352326,0.090532209,-0.233182691,0.220825003,1.98092445,-0.830725828,-1.167102172,-1.20866246,-0.553707986,-0.351568205,0.389431668,1.74562607,-0.480715999,0.007886112,2.179125414,0
raise_arms_horizontally,902202105a.xlsx,right,1.369080043,0.366018577,-0.274409558,0.347497234,1.983785487,0.665559685,1.052640215,-0.300295947,0.233873456,-0.159699603,-0.413765398,0.31652456,-0.247340607,-0.150549926,-0.160960685,0.29068123,-0.344179958,-0.339845472,-0.394383051,0.441917105,1.650071569,0.738549346,1.128512618,0.47701762,1.091992312,0.685618275,1.541746131,1.98092445,-0.636527771,-0.875929173,-1.20866246,-0.553707986,-0.351568205,0.244697245,2.203712711,-0.178940821,0.007886112,2.179125414,0
raise_arms_horizontally,902202105a2.xlsx,left,1.369080043,1.065365247,-0.663373532,0.495053057,-0.045295318,1.535806697,-0.490722943,0.426914852,0.796664508,-0.095747215,1.060145448,0.189933202,-0.183413843,-0.085171557,-0.390500787,0.282166952,-0.343119264,-0.311477339,-0.414393255,-0.338788176,-0.269170239,-0.370549084,-0.554377021,-0.278610811,-0.439548465,-0.489769055,-0.52259288,1.701071368,-0.416146934,-1.095291202,-0.316455848,-0.596158092,-0.399189504,-0.054896939,-0.21238685,0.215010902,0.048455784,1.687493461,0
raise_arms_horizontally,902202105a2.xlsx,right,1.369080043,-0.263189743,-0.076040054,0.552159602,-0.05357723,-0.047146667,-0.507848002,-0.625627094,1.582414167,0.217619484,0.983999545,0.238115125,-0.296290301,0.214832205,-0.4146449,0.28685304,-0.348101905,-0.231787354,-0.433570631,1.544673698,2.51171668,1.821687474,2.259968049,1.158916872,1.82535086,1.72243566,2.665500475,1.701071368,-0.091434467,-0.68609028,-0.316455848,-0.596158092,-0.399189504,-0.017490982,-0.265899423,0.706908403,0.048455784,1.687493461,0
raise_arms_horizontally,902202106a.xlsx,left,-0.239045722,-0.43354641,-0.213270669,-0.345603111,0.407158004,-2.209952262,1.844441616,0.830161442,0.986364546,0.434143997,1.958602759,-1.280312699,3.730776268,0.539772837,3.061959489,-1.255816109,2.803862683,0.768348458,3.360063456,-0.591307291,-0.423277186,-0.863313702,-0.65690388,-0.296446238,-0.372095486,-0.715112167,-0.578064282,-0.11456082,0.249818663,-0.283670205,-0.747416293,-0.597659519,-0.293969505,0.256202933,0.141498303,-0.255985921,-0.038437532,-0.279034352,0
raise_arms_horizontally,902202106a.xlsx,right,-0.239045722,-0.899937798,-0.350043995,-0.273036198,0.343507455,-0.991502999,-0.517977532,0.995560891,1.490628451,0.564789589,0.867342993,0.385843637,-0.175162923,-0.37906763,-0.377188399,0.325983415,-0.353560691,-0.303445556,-0.121703061,-0.56883699,-0.393291446,-0.692078601,-0.711507577,-0.309289165,-0.386816724,-0.593641264,-0.614147628,-0.11456082,-0.518366736,-0.035846593,-0.210230359,-0.597659519,-0.293969505,-0.047016048,0.076997559,0.458057923,-0.038437532,-0.279034352,0
bend_elbows,0812202001b.xlsx,left,-0.41295861,-1.872908096,-0.580535217,1.209100967,-0.462428136,-0.708847192,-0.060558302,-1.110663454,-1.452744494,0.376711476,1.20385413,0.131603938,0.24202872,0.504141442,1.193100454,-0.453899333,0.565256957,0.412024068,1.266151796,2.10314894,-2.803119801,1.56668211,-1.581378202,2.429824108,-2.180311794,1.99619374,-2.013274054,0.47306562,-0.804959866,-1.794584475,0.244531334,-1.623450741,1.358056806,-0.359211483,-1.081724749,-1.785463403,-0.344348992,1.713728744,0
bend_elbows,0812202001b.xlsx,right,-0.41295861,-1.094599747,-0.281867769,0.594486968,-0.32890842,-0.555332092,-0.052161385,-0.253571396,0.76412417,0.064845662,0.408639458,0.049656805,0.122537494,0.462313617,0.208644801,0.307898383,0.395165509,0.497751682,0.004421975,0.799151497,1.52065061,0.888916465,-0.577655471,1.043158175,1.248794151,1.040581518,0.706394554,0.47306562,-0.868875652,-1.775524287,0.244531334,-1.623450741,1.358056806,-0.312207582,-1.003889556,-1.777001102,-0.344348992,1.713728744,0
bend_elbows,0812202002a.xlsx,left,-0.41295861,-0.179028949,-0.608190388,0.822334239,-0.296097925,0.794859825,-0.146925108,-0.824966101,-0.724701728,1.312308919,-0.785873669,0.932094131,-0.77412014,-1.373314007,-1.007477739,1.326709931,-1.026256363,-1.121847989,-1.027350776,1.077688245,-0.162315356,0.621148734,-0.557352647,0.951607658,-0.784527008,0.88712414,-0.880429124,-0.862402812,0.384252363,0.48253955,0.345804877,2.125100994,0.114495856,-0.199508941,-0.663923056,0.66746478,-0.207357027,-0.511560819,0
bend_elbows,0812202002a.xlsx,right,-0.41295861,-0.670613639,-0.646895833,0.778944299,-0.341636257,-0.392587513,-0.648838981,-0.856710251,-1.101310394,1.804097318,-1.127009963,1.029702898,-0.880436351,-0.964794443,-1.340348476,1.725235566,-1.436317924,-0.529043836,-1.150736218,1.084088383,-1.179238683,1.151451099,-0.241595125,0.79440465,-1.197954589,1.206427531,-1.051882677,-0.862402812,0.598903316,0.511381918,0.345804877,2.125100994,0.114495856,-0.730372637,-0.24891956,0.506009968,-0.207357027,-0.511560819,0
bend_elbows,0812202002b.xlsx,left,-0.41295861,0.491440419,0.101243738,-0.852905125,-0.008269723,0.370126032,-0.55625013,0.730497262,0.938342121,0.628603096,-0.608582198,0.803346011,-0.636482488,-1.536501252,-0.028755609,1.002875886,-0.347698572,-1.772060828,0.294896177,-0.994001292,0.970862467,-0.782313752,0.929881947,-0.568209307,-0.03677387,-0.92329913,1.339547069,-0.983809033,0.22695937,0.028224809,1.76723288,-0.012941835,0.846834194,-0.628870443,0.045314242,-0.186246259,-0.296964362,-0.140679225,0
bend_elbows,0812202002b.xlsx,right,-0.41295861,-1.255426245,-0.604090804,0.635354138,-0.33074827,-0.095411635,-0.483361824,-0.888454402,-0.852556507,0.736556647,-1.211870035,0.750151154,-0.797762568,0.358790283,-0.953155827,-0.121867163,-0.374029027,0.463305704,-1.407296966,1.168497034,-0.763551384,0.799228737,-0.588199274,1.829451353,0.163679954,0.319513713,-0.358450239,-0.983809033,1.06781318,0.420172408,1.76723288,-0.012941835,0.846834194,-0.023968157,0.312605336,-0.209478502,-0.296964362,-0.140679225,0
bend_elbows,1212202001b.xlsx,left,0.04764907,1.198442943,-0.197595947,0.479849273,-0.302020017,0.421412337,-0.544030912,-0.499588561,-0.373120863,-1.220101466,0.669991344,-1.230568053,0.783989464,1.423827352,0.42645482,-1.002841924,0.897039258,1.715356928,0.51916435,0.255641461,0.087114233,0.493465995,-0.996524839,0.457885798,0.059304628,0.3159886,-0.509116851,0.099508017,0.170859019,-0.063634292,0.074898271,0.290325631,0.096770059,-0.109315984,-0.615147143,0.125948582,-0.204767478,0.230202369,1
bend_elbows,1212202001b.xlsx,right,0.04764907,2.071660415,0.075748397,0.585587039,-0.475703066,1.339709413,-0.195072847,0.63923283,0.914141995,-0.947218879,1.033868701,-0.933741379,1.121697093,0.961242187,0.745581632,-0.776591817,1.320943295,1.231547307,0.605671243,-0.868327797,0.742328232,-0.621027766,-0.345443402,-0.766742554,-0.565621227,-0.896878919,0.546063415,0.099508017,-0.139840181,-0.331198811,0.074898271,0.290325631,0.096770059,-0.156075638,-0.81862048,-0.057193407,-0.204767478,0.230202369,1
bend_elbows,1312202001a.xlsx,left,-0.41295861,-0.194640624,-0.858883943,0.45861857,-0.552324318,-1.322961623,-0.852823939,1.524101019,0.217337994,0.628603096,-0.707459539,0.567156888,-0.674925599,0.306132058,-1.054628699,0.059792644,-0.28910013,0.277540432,-1.21779808,-1.78354941,-2.098239793,-1.397608798,-1.48514658,-1.815372864,-2.625747149,-1.851209808,-2.24511215,-0.040576085,-0.02934111,0.090419939,-1.420302065,-0.227255451,-0.659850367,-0.184302237,1.302342882,0.044633204,-0.066717713,-0.511560819,0
bend_elbows,1312202001a.xlsx,right,-0.41295861,-0.442992451,-0.80075813,-0.076165554,-0.349728987,-1.220290169,-0.843888773,1.111427066,0.41653037,0.868499876,-0.541851968,0.712557907,-0.666029569,-0.074034281,-1.071430467,0.63410041,-0.420826683,0.036697585,-1.083347261,-1.510824068,-1.591641751,-0.218183582,-0.575509066,-1.889348818,-2.677144466,-1.047190187,-1.324585237,-0.040576085,-0.04474254,-0.062578181,-1.420302065,-0.227255451,-0.659850367,-0.426420634,1.205314342,-0.094213261,-0.066717713,-0.511560819,0
bend_elbows,1502202102a.xlsx,left,-0.41295861,-0.914139641,-0.43200958,0.789994489,-0.326080779,1.088739843,0.225651043,-0.475780448,0.128708958,1.0604173,0.012676606,0.896909699,-0.659734153,-0.593640138,-0.484964663,0.413796886,-0.280071494,-0.521673394,-0.951284006,0.752590291,0.61748984,0.74405037,0.119920436,0.711049054,1.186649311,0.809608257,0.494330097,-0.498184149,0.572280862,-0.002984622,0.152195932,-0.252893751,0.226064519,1.802673615,0.181941015,-1.208647445,-0.223128722,-0.140679225,1
bend_elbows,1502202102a.xlsx,right,-0.41295861,-1.006482616,-0.273351109,-0.505753506,-0.088231598,-0.848459242,-0.513401565,-0.634501199,-0.131941247,1.156376012,0.179206152,0.950495617,-0.607338021,0.043542201,-0.902246756,-0.004297405,-0.818599925,0.078910485,-0.590411957,0.788393764,0.266773728,0.544462376,-0.372761126,0.952464793,0.464849211,0.731750042,0.401873257,-0.498184149,0.682832969,0.179146041,-0.429458291,-0.252893751,0.725636305,1.197294931,-0.251148674,-0.850687954,-0.284150557,0.230202369,1
bend_elbows,1502202102b.xlsx,left,-0.41295861,-0.300405618,-0.222086181,0.685140357,-0.293906766,0.352006464,0.063860986,-0.158338945,-0.101131198,1.336298597,-1.197536143,0.922031346,-0.857610246,-1.273141141,-1.206458125,1.488084467,-1.412823207,-1.252716002,-1.167200143,-0.051929372,0.622865131,0.691236542,-0.275876539,0.104041906,1.776889388,0.048529334,-0.491682995,-0.544878849,0.233104953,0.42829875,0.174828392,-0.456409865,0.277900762,-1.422092912,0.385411241,0.586390317,-0.230160687,-0.140679225,0
bend_elbows,1502202102b.xlsx,right,-0.41295861,-0.582316895,-0.314493752,-0.396155521,-0.0850251,-0.900797397,-0.64387732,-0.253571396,-0.245955067,1.048422461,-0.873646755,0.857670098,-0.817893457,0.159607931,-0.811408069,0.703603118,-0.421973826,0.513081543,-0.977893346,-0.130280556,0.158590628,0.806737927,-0.049906339,0.386925706,-0.047379522,-0.081628566,0.480591997,-0.544878849,0.559373255,0.497710798,0.174828392,-0.456409865,0.277900762,-1.241199239,0.444080321,0.556365065,-0.230160687,-0.140679225,0
bend_elbows,1502202103a.xlsx,left,0.50825675,1.333457779,2.91371035,0.860029686,-0.275125346,0.012210959,0.435233047,-0.913144296,-0.576113829,-0.167054559,0.348581797,-0.089813442,0.237923227,0.537294406,0.591130529,-0.628423729,0.771428904,0.550256177,0.474000699,1.324042906,0.183189664,0.487845109,0.722266615,0.989332159,2.277327925,0.888034033,0.981375765,-0.507523089,0.751259272,0.564677808,-0.814237263,-0.24693681,0.241475474,0.818299993,0.282247756,-0.973893656,-0.225238311,-0.140679225,1
bend_elbows,1502202103a.xlsx,right,0.04764907,1.174345681,3.198221672,-0.002562072,0.496144866,0.842126798,2.984510643,-0.638469218,-0.242495304,-0.181048537,0.734507083,0.034993133,0.262044718,-0.510711892,0.909349486,0.414958502,-0.230603227,-0.672898647,1.112352621,0.793714498,1.36664592,0.105429839,1.057399279,0.69668016,0.498359984,0.79222923,1.226458221,-0.507523089,0.795008568,0.458587168,-0.814237263,-0.24693681,0.241475474,0.384746553,0.218045127,-0.824242701,-0.225238311,-0.140679225,1
bend_elbows,1502202105b.xlsx,left,-0.41295861,-0.334612522,0.216954444,0.872162084,-0.428569785,1.212202144,0.550741035,-0.983686853,-1.277027444,-1.506478248,-0.790017384,-1.015696116,-0.472408105,0.74791788,0.468984732,-0.705382933,1.100840896,0.486395921,0.319999103,1.334798164,-1.692613954,1.120874663,-0.569411938,1.573245138,-0.675310508,1.160715418,-1.150485916,-0.890419633,0.272933362,0.792459523,0.582865198,1.669269504,0.153569188,-1.62725759,-0.709994479,1.389412479,-0.2129826,-0.511560819,0
bend_elbows,1502202105b.xlsx,right,-0.41295861,-0.846688917,-0.105037024,0.28863415,-0.305300211,0.329353305,-0.203382654,-0.951942702,-0.960945985,-1.710390511,-1.191500658,-1.233612263,-0.522239926,1.964522442,-0.654989004,-1.834388922,0.54003843,1.974918824,-0.955845832,1.35798673,-0.886541034,1.026509197,-0.916320748,1.474455799,-0.612075637,1.351384854,-0.702161887,-0.890419633,0.523355231,0.907375647,0.582865198,1.669269504,0.153569188,-1.616058138,-0.831008716,1.460488129,-0.2129826,-0.511560819,0
bend_elbows,1502202106a.xlsx,left,-0.41295861,-0.513169279,-0.730391722,0.400554029,-0.192754169,0.49684935,-0.10799935,-0.412292148,-0.388724916,1.132386334,0.477949205,1.043611403,-0.391742715,-1.233279603,0.332993386,0.469985352,0.084188674,-1.09887005,0.555242899,0.249623383,-0.161442058,0.94169499,-0.60296652,-0.59338512,0.439672295,0.844032956,-0.152379457,0.183558478,-0.388483647,0.142076249,-0.612676234,-0.310268512,-0.824275729,0.3300519,2.520828685,0.186801462,-0.027338705,-0.511560819,0
bend_elbows,1502202106a.xlsx,right,-0.41295861,-0.169971107,-0.326941486,0.356176281,-0.310387781,-0.433211219,0.226166488,-0.412292148,0.128708958,0.892489554,-0.28162396,0.929180787,-0.292056229,-1.021978902,0.197763548,0.334933162,0.173176047,-0.94230643,0.524433244,0.324548992,0.081807745,0.896407187,-0.526732811,0.957242221,0.724421232,0.241125705,-0.769651048,0.183558478,-0.366169228,0.095300838,-0.612676234,-0.310268512,-0.824275729,0.308810114,2.462215537,0.086667563,-0.027338705,-0.511560819,0
bend_elbows,1502202106b.xlsx,left,-0.41295861,-0.308695786,0.029931239,0.747926029,-0.427245406,-0.360206039,-0.832497846,-0.761477801,-0.993408787,-0.486916932,3.359072058,-1.767343472,1.933425277,0.149960249,2.822187805,0.346511934,1.639295149,0.111964964,3.062342359,0.696924828,-1.249748453,1.217953577,-0.713696547,0.511797967,1.0849325,0.681618793,-0.866039716,-1.235960416,1.081727236,1.341234072,-0.620542129,2.352174807,-0.639164946,0.304902696,-0.800187778,0.817360463,-0.071378901,-1.253324007,1
bend_elbows,1502202106b.xlsx,right,-0.41295861,-1.021985225,-0.524755891,0.659692126,-0.315936797,0.120754028,0.056370256,-0.856710251,-0.839830258,-1.218602112,2.307438459,-2.518079696,2.270311893,1.901070954,3.165409001,-1.258977235,3.37805974,1.910089007,3.606102776,1.216894987,-0.39694934,0.668813037,-0.323774148,0.955286373,-0.320220266,1.082825897,-0.280162646,-1.235960416,1.330798164,1.410236682,-0.620542129,2.352174807,-0.639164946,-0.044197151,-0.447830449,0.88436257,-0.071378901,-1.253324007,1
bend_elbows,1901202101b.xlsx,left,-0.41295861,-0.489285901,-0.357590925,0.027784244,-0.264059201,-1.255163786,-0.802916071,0.667008962,0.582591997,0.628603096,-0.72289736,0.539426462,-0.690002816,0.257268665,-0.342333929,1.057376523,-0.493086931,0.679472892,0.163141058,-0.838044423,0.818848107,-0.0136237,-0.290058654,-1.020339917,0.224399803,-0.306158325,0.446905043,1.220180827,-1.281770705,-1.383828065,-1.460864314,-0.146201059,0.307875927,1.163766069,0.302018872,-0.765144441,-0.234145468,1.34284715,0
bend_elbows,1901202101b.xlsx,right,-0.41295861,0.754475541,0.139190061,0.575881627,-0.34151312,0.210886601,0.517032249,0.44479991,0.902563246,1.636169572,-0.647818909,1.04018411,-0.82830717,-1.669909145,-1.128040186,1.486617461,-1.308898882,-1.68384533,-0.976849068,-0.481221378,1.29747438,-0.036171672,0.786470015,-0.505682213,0.912504402,-0.175111011,0.767929755,1.220180827,-1.515179556,-1.836693928,-1.460864314,-0.146201059,0.307875927,0.453566806,-0.311415806,-1.00044616,-0.234145468,1.34284715,1
bend_elbows,1901202101b2.xlsx,left,1.42947211,-0.532121701,-0.709666272,0.228311876,-0.35121184,-0.546593773,0.17412437,0.747812253,0.72919794,-0.558885966,-0.397080295,-0.167191358,-0.285479781,0.902918993,-0.361070109,-0.404101548,-0.01027204,0.724758518,0.056115189,-0.922030165,0.2185439,-0.592362802,-0.642181498,-1.01425493,-0.352739594,-0.832863728,-0.443784159,1.892584514,-0.728725937,-0.690172326,-0.186352037,-0.063462071,-0.448666724,-0.309387566,-0.921945369,0.748493537,-0.111576175,0.971965556,0
bend_elbows,1901202101b2.xlsx,right,1.42947211,2.522800767,-0.271935772,0.448988613,-0.487264741,1.141061853,-0.446528853,2.666890429,2.280984406,1.036427622,-0.459041723,0.856548128,-0.688071317,-1.856318522,-0.930676671,1.506013514,-1.46845984,-1.844583541,-0.94491734,-1.788534723,0.527158664,-2.032956058,1.303688372,-0.920354804,1.089140259,-1.927200376,-0.058942334,1.892584514,-1.339156996,-1.201577551,-0.069150812,-0.196867069,-0.448666724,-0.280705572,-1.057181356,0.417429199,-0.111576175,0.971965556,0
bend_elbows,2001202101a.xlsx,left,-0.41295861,-0.788942611,-0.715809345,-0.568098698,-0.45114229,-1.189357091,-0.753463151,-0.539268749,-0.721176076,1.132386334,-0.640584097,0.922928378,-0.781847944,-0.20738517,-0.325936741,0.101643949,-0.378858061,-0.357773257,-0.121215273,0.233822126,-0.748470742,0.339308046,-0.646034461,-0.518902307,-0.043298346,0.477599037,-0.595947551,0.323642579,-0.468392792,0.096369054,2.050278872,-0.535682271,-0.505525962,-1.200861854,-1.410085133,1.535768634,-0.100069322,-0.140679225,0
bend_elbows,2001202101a.xlsx,right,0.04764907,-0.158744253,-0.200927157,-2.504474225,4.546515364,0.550155426,-0.302535885,-0.832902139,-0.801168233,0.763545034,2.059202584,1.298351279,-0.30737071,-1.083513942,1.249444547,0.522310223,-0.360672834,-0.806469094,1.013076792,0.358357059,1.286438049,-0.182217049,2.971934978,0.646316208,0.372081863,0.147547724,1.669036577,0.323642579,-0.629840437,-0.34480057,0.941525861,-0.535682271,-0.505525962,-0.969525398,-1.642816193,1.097837759,-0.100069322,-0.140679225,0
bend_elbows,2001202101b.xlsx,left,0.04764907,-0.150731952,0.040438624,-3.2321263,4.396993803,0.406667744,-0.303504675,-0.999558928,-1.101310394,0.322734701,1.661879476,1.208634221,-0.335266276,-0.570639161,1.341166149,0.146250793,-0.501471624,-0.358970751,1.052993565,0.569146966,1.149875896,-0.759888596,2.179001094,0.487790903,0.069837527,0.27686943,1.20067656,-0.059253965,-0.61448028,0.546555898,4.471122732,2.343628099,-0.64561394,-2.378614288,-1.259717993,2.183551425,-0.069932326,-0.511560819,0
bend_elbows,2001202101b.xlsx,right,-0.41295861,-0.325038544,-0.480218659,0.26120892,-0.10442917,0.205679247,-0.258154416,-0.72973365,-0.925593344,1.024432783,-1.139752798,0.947001115,-0.901453811,0.207422206,-1.34146371,-0.258817843,-0.826971743,0.477298869,-1.507791937,0.647270516,-0.645388855,0.790218609,-0.53658188,0.704053779,0.168813506,0.558300205,-0.296253907,-0.059253965,-0.659049152,0.103538547,0.83278905,2.343628099,-0.64561394,-2.390558477,-1.468545368,1.712127504,-0.069932326,-0.511560819,0
bend_elbows,2001202102b.xlsx,left,0.50825675,-0.425665975,-0.397929935,-0.233682711,0.36982279,-0.251831567,-0.073853222,1.481775486,1.923813055,-0.624191201,0.361230142,-0.310142498,0.058980931,-0.979586807,1.640408186,0.262069292,0.418944069,-1.272074624,1.044250242,-0.97480839,1.687032659,-1.317526226,2.166737642,-0.654266149,0.811272971,-1.063056843,2.354432303,0.547777141,-0.64351911,-0.353922497,-0.537021838,-0.424346506,-0.273009685,1.563751752,1.700794986,-0.393489765,-0.14476137,0.230202369,1
bend_elbows,2001202102b.xlsx,right,0.50825675,-0.373563401,-0.576545561,0.339157369,-0.297905769,0.470517822,0.178262005,0.864528119,1.004241672,0.047519784,0.632755505,0.058792613,0.411332033,-0.734577855,-0.389786154,0.906179015,-0.591452019,-1.018659709,-0.588768899,-0.972464328,0.357798796,-0.395732654,0.725536633,-0.801818737,0.369638003,-0.835626672,0.449096563,0.547777141,-0.396232624,-0.048963983,-0.537021838,-0.25267394,-0.661620805,1.866705726,2.039945544,-0.16253255,-0.066315886,-0.140679225,1
bend_elbows,2112202001a.xlsx,left,0.04764907,0.292273696,-0.236036626,0.593897803,-0.415299275,1.063646715,0.245701842,-0.610693087,-0.494321137,0.238770828,1.541362986,0.326255818,0.0813841,-0.005393587,-0.177034141,-0.25933106,-0.251267517,-0.059666166,0.196052786,0.517353634,-0.397747935,0.177902151,-0.506717619,-0.271453443,0.100829516,0.415771794,-0.316681522,1.901923454,-1.329212028,-1.759879561,-1.475837021,-0.067479673,-0.155075963,1.418337434,-0.053347082,-1.40821043,-0.165232204,1.34284715,1
bend_elbows,2112202001a.xlsx,right,-0.41295861,-0.72000653,-0.436724949,0.782457099,-0.295232718,-0.980065553,-0.487036961,0.127358407,0.909108811,-0.582875644,-0.383741538,-0.258360942,-0.207056658,1.269934102,-0.588039621,-1.608868792,-0.263564219,0.990731495,-0.571171037,0.207091322,1.731454814,0.639832945,0.134459952,0.140939612,1.076519541,0.645814644,1.242375014,1.901923454,-1.253386011,-1.509560687,-1.475837021,-0.067479673,-0.155075963,1.806538026,0.14505821,-1.254314602,-0.165232204,1.34284715,1
bend_elbows,2112202001a2.xlsx,left,2.811295151,2.07518831,3.043272439,-3.597598208,2.645460579,0.933230606,0.156298223,-0.332931772,-0.590187566,-1.914302774,1.693299837,-3.115887553,3.513072692,-0.703651834,0.321062315,-0.696859854,2.175289231,-0.488180084,-0.000917656,-0.75970356,0.256462881,-1.567932931,1.870993208,-1.049419787,0.081917794,-0.780916725,0.827132178,-0.330083227,0.17881897,-0.437500534,0.075306512,-0.320964741,0.049960879,-0.383074581,0.395466543,-1.151621213,-0.197813645,-0.140679225,1
bend_elbows,2112202001a2.xlsx,right,1.890079791,0.169851881,0.913048676,-2.21044438,2.289552152,0.021206089,0.569862531,-0.647727929,-0.938508796,-1.538464485,1.548983269,-2.507801315,3.173990812,-0.168600093,0.866773691,-0.874111055,-0.029700671,0.378998662,0.872480053,0.037068029,-0.027051165,-1.181503954,1.926694662,-0.809905643,0.143830358,-0.506690972,1.839435535,-0.330083227,0.204174628,0.010271141,0.075306512,-0.109998698,-0.427597952,0.033017432,0.741465632,-0.98673342,-0.115740559,-0.511560819,1
bend_elbows,2112202001b.xlsx,left,0.04764907,1.064041143,0.673860845,0.487426589,-0.310782426,-0.244323747,-0.097039914,-0.582916955,-0.523975573,0.354221153,0.009936022,0.488824386,-0.543159001,-0.160726058,-0.462252687,-0.139992734,-0.24762807,-0.481490281,-0.148991787,0.471472745,-0.015882325,0.409235878,-0.665385221,-0.212831242,-0.162712536,0.908706625,-0.124449338,1.070757786,-0.815441207,-0.619186898,-1.321397593,-0.716620589,-0.624013277,-1.632616424,-1.948209897,1.246120016,-0.074754245,0.230202369,0
bend_elbows,2112202001b.xlsx,right,0.04764907,0.238219077,-0.109839265,0.768670185,-0.320784408,-1.311091136,-0.564953397,-0.805126007,-0.89881757,0.711067614,-0.015793145,0.547995657,-0.571667446,0.327942727,-0.767932293,-0.149284712,-0.475957136,0.216036631,-0.85821294,0.834076883,-0.751387147,0.88034978,-0.889124263,0.91411125,-0.235362968,0.758698886,-0.76442309,1.070757786,-0.66820644,-0.334068481,-1.457082165,-0.716620589,-0.624013277,-1.525350103,-1.792079949,1.536587529,-0.074754245,0.230202369,0
bend_elbows,2112202002b.xlsx,left,-0.41295861,-0.573009853,-0.564087316,-0.164177693,0.013628403,-0.798012956,-0.887779065,2.317704776,1.817355633,-0.15106144,-0.517449759,0.09403982,-0.457502154,-1.255092013,-0.938741109,1.171650503,-1.22313391,-1.549535646,-0.287542416,-1.587762041,0.748275991,-1.575539226,0.390815221,-1.211088034,0.206561361,-1.597245825,0.848506304,0.062152256,-0.807904405,0.335517987,-0.584393933,-0.26734518,-0.739256767,0.138607718,0.740298848,1.190939182,-0.048233689,-0.511560819,0
bend_elbows,2112202002b.xlsx,right,-0.41295861,-0.547102555,-0.445330235,-0.033310225,-0.140821374,0.041755119,-0.454968873,-0.412292148,-0.14564899,1.468241826,-0.204924556,0.981662812,-0.650550266,-0.824621169,-0.452591751,1.463664864,-1.0935251,-0.555778634,-0.071990207,0.296556418,0.388557951,0.729499974,0.272345804,0.419565586,0.415653339,0.467164657,0.116026134,0.062152256,-0.434683923,0.46889242,-0.584393933,-0.26734518,-0.739256767,0.230078202,0.62073575,1.298227751,-0.048233689,-0.511560819,0
bend_elbows,2112202005a.xlsx,left,-1.79478165,0.278492176,-0.790901996,0.007351403,-0.459115741,-1.228686649,-0.665634209,0.333695384,-0.019815314,-0.495913061,0.716562907,-0.493072541,0.730287911,0.6172949,0.624877064,-0.598262299,1.421097797,0.475000949,0.106819142,-0.949127695,-0.338184785,-1.112337185,-0.112072577,-0.886538778,-0.8831461,-1.39220506,-0.98147782,-1.786957881,1.391584544,1.970285446,0.506179558,0.250105715,0.092515626,0.851868448,-0.325344738,0.069854996,-0.204142414,-1.253324007,1
bend_elbows,2112202005a.xlsx,right,-1.79478165,-0.165493066,-0.732906279,-0.693656449,-0.511101916,-0.735246138,-0.942919417,2.722442692,3.843723213,-1.041678236,-0.401392204,-0.644877504,-0.104773874,-0.637238243,-0.993623927,1.077891103,-0.382467721,-0.975026195,-1.185705909,-1.65696519,0.261633442,-1.164049572,2.363736221,-0.745026555,-0.288196805,-1.762051153,0.176263705,-1.786957881,1.043890032,1.854744594,0.506179558,0.250105715,0.092515626,0.481934263,-0.524136242,0.057765247,-0.204142414,-1.253324007,1
bend_elbows,2112202005a2.xlsx,left,-0.87356629,-0.612444405,-0.494568545,-0.593563504,-0.14732078,-1.118055685,-0.76757062,0.296660542,0.482803607,0.686578151,-0.807675004,0.784111899,-0.660867137,-0.266703536,-0.806763898,-0.334195868,-0.84906768,-0.64654729,-0.855082946,-0.674302051,0.2737303,-0.555354428,0.222322658,-0.909430769,0.535483656,-0.736103119,0.525696205,0.949351565,-1.238118518,-1.293679166,-0.064634802,-1.639599279,-0.191009173,0.500045141,-0.0378596,-0.814032589,-0.159137834,0.601083963,0
bend_elbows,2112202005a2.xlsx,right,-0.87356629,-0.497769594,-0.401540975,-1.409964368,-0.008617199,-1.053422868,-1.056746016,2.555785903,1.493072063,0.44868051,-0.561919471,0.592026113,-0.552634354,-1.082930539,-1.120036948,1.331800639,-0.985487392,-1.427569582,-1.154818748,-1.801032316,1.001146019,-1.530937444,0.338689119,-1.130607309,0.372330195,-1.503397203,0.707124442,0.949351565,-1.483540167,-1.334797553,-0.064634802,-1.639599279,-0.191009173,0.394912147,0.189288933,-0.820006257,-0.159137834,0.601083963,0
bend_elbows,902202101a.xlsx,left,0.50825675,3.383803018,2.374830162,0.17942544,0.047378411,2.420823706,2.355776297,0.568249383,0.471916548,-0.698825755,1.146731704,-0.84529592,2.044336134,-1.464582939,-0.311201961,1.017266522,-0.824699038,-1.311352117,0.225847255,-1.103854425,0.291527103,-1.210849951,0.786328754,-0.887177061,-0.523170629,-1.079183946,0.729563981,0.865301104,-0.622099166,-1.281741559,0.241820192,-1.476460948,-3.406888551,-0.077208433,-0.919715573,-1.632963301,5.263914126,-2.736850383,1
bend_elbows,902202101a.xlsx,right,0.50825675,0.926626118,3.135201222,-0.11646596,-0.234330169,1.197598934,2.744732592,-0.863764507,-1.069218578,-0.670837797,1.101203083,-0.600705913,1.443767211,0.493814063,1.677758398,-0.510377322,2.767854587,0.47315376,1.771411755,0.591301765,-1.292960962,0.526440837,-0.183818188,0.873186356,-0.088628786,0.441841706,-1.531508975,0.865301104,-0.275989968,-1.255025105,0.100698121,-0.030763549,-3.406888551,-0.416262415,-0.911982073,-1.704088932,5.263914126,-2.736850383,1
bend_elbows,902202102a.xlsx,left,-0.41295861,-0.2650797,-0.695966051,0.302204454,-0.424042551,0.018674184,0.167959246,0.984450465,0.536560847,-0.438937576,-0.781159131,0.09204437,-0.62472516,0.558451067,-0.263013165,-0.787057184,-0.147778332,0.301207939,-0.334830052,-1.09003936,0.53610669,-0.623167159,-0.516868032,-1.884265067,-1.87291723,-0.574504562,0.917795784,0.090169077,-0.187596834,0.278670493,-0.591064536,-0.467501242,-0.329137642,0.290161976,-0.331982969,1.013869769,-0.134525954,-0.140679225,0
bend_elbows,902202102a.xlsx,right,-0.41295861,-0.492792032,-0.540304887,0.148237398,-0.098834363,-0.448006214,0.283499861,-0.475780448,-0.594904485,0.280752764,-1.210834128,0.495489089,-0.835502853,0.026693267,-0.086701276,0.375797517,-0.178522463,0.036785806,0.125196486,0.211926385,0.119431093,0.687949412,-0.988614367,0.374948272,-0.376022943,0.108927116,-0.322527721,0.090169077,-0.130601577,0.22678458,-0.591064536,-0.467501242,-0.329137642,0.074935533,-0.445869773,0.982310376,-0.134525954,-0.140679225,0
bend_elbows,902202104a.xlsx,left,-0.41295861,-0.807025724,-0.288386693,0.536991696,-0.178912621,-1.181932382,-0.495175555,-0.888454402,-0.852556507,-1.266581468,-0.014672084,-1.210065016,0.747401943,2.249027386,0.605309658,-2.299665805,0.678090971,1.969472114,0.509236275,1.24749833,-0.646465418,0.88315429,-0.581423879,1.17813619,-0.705501431,1.137419782,-0.954130449,-1.114554195,1.869403535,1.147213925,0.273784668,-1.266573704,1.640106692,1.43476313,-0.104175977,-0.724338367,-0.366658955,0.230202369,1
bend_elbows,902202104a.xlsx,right,-0.41295861,-0.52346265,-0.477559652,-0.694522678,0.09074791,-1.617071847,-0.689368045,-0.634501199,-0.594904485,-1.098653722,0.015290561,-0.855636963,0.526789862,1.500879091,0.031597918,-1.61792044,0.844858518,1.294668197,-0.552734756,0.458250677,0.152686787,0.41572183,-0.762722014,0.680614536,-0.104257902,0.260674032,0.089406802,-1.114554195,1.653417963,1.093117812,0.273784668,-1.266573704,1.640106692,1.366489678,-0.005877174,-0.798427636,-0.366658955,0.230202369,1
bend_elbows,902202104b.xlsx,left,-0.41295861,-0.758668333,-0.469251867,0.415237507,-0.415391157,1.189991365,-0.351884938,-0.761477801,-0.887893206,-1.458498892,-0.346024234,-0.804338066,0.821146209,1.013808913,0.738136188,-0.943644056,1.617025482,1.222957727,0.14625729,0.874527174,-0.441253033,1.167813533,-0.866136266,0.338485244,1.038106425,1.183608797,-0.822682183,-1.955058803,2.888298769,2.131992092,0.990158341,0.407295436,2.05285687,-0.024148097,0.960162385,0.127755741,-0.395411882,-0.511560819,0
bend_elbows,902202104b.xlsx,right,-0.41295861,-0.600512933,-0.82743144,0.124418278,-0.155447632,1.088165582,4.544987005,-0.380547997,0.283804684,-1.566452443,-0.499454204,-1.028945033,1.197925121,1.636783018,1.978472497,-2.326523353,0.271579857,1.628728049,1.191624223,0.433319635,0.14776277,0.579941609,-1.002546192,-0.078593311,0.621845878,0.839761689,-0.470458899,-1.955058803,2.588380632,2.312188712,0.990158341,0.407295436,2.05285687,0.209862266,1.010644069,0.110044173,-0.395411882,-0.511560819,0
bend_elbows,902202105b.xlsx,left,3.732510511,-0.129070846,0.234034711,0.828452266,-0.268437174,3.705313869,1.061071237,-0.95789473,-1.141600419,-1.398524697,-0.826892385,-0.512941728,-0.33996479,0.421673083,0.542063899,-0.888545055,0.29888703,0.316720152,0.33311086,1.278983023,-1.230039335,0.795119008,-0.768305018,1.378140601,-0.644516306,0.993038469,-0.919075577,1.733822532,-0.58753383,-1.043810298,0.4535033,0.257431031,1.191850356,-0.694940507,1.796473421,-0.275596257,-0.3300146,2.826373526,0
bend_elbows,902202105b.xlsx,right,3.732510511,0.239864427,-0.610609665,-2.31670859,-0.286825587,0.205253417,0.821131221,0.361471515,0.294513967,-1.870821483,-0.62439578,-1.277601784,0.32021636,1.466205306,-0.273641214,-1.486942635,-0.257320012,1.455737992,0.293518271,-1.036556527,-0.477810785,-1.078754097,-0.529474319,-1.343059876,-0.681948525,-0.906959202,-0.256961698,1.733822532,-0.956506351,-1.49495967,0.573872125,0.257431031,1.191850356,-1.181173975,1.128442032,-0.520952661,-0.3300146,2.826373526,0
bend_elbows,902202106a.xlsx,left,0.04764907,1.170056664,0.4953608,0.399167512,-0.37833442,0.048111509,0.083119838,0.611456699,1.116272433,0.637599225,-0.268569678,0.607067408,-0.585478796,-0.503180649,0.550954329,0.673026252,0.058204277,-0.367007025,0.506269043,-0.762075306,0.658069219,-0.507769135,1.241734955,-0.370163255,0.869167114,-0.920800727,1.093502674,0.164880597,-0.73489437,0.2458886,-0.116259864,-0.490560411,-0.388793063,1.041879816,0.459846445,0.911416211,-0.123274808,-0.140679225,0
bend_elbows,902202106a.xlsx,right,0.04764907,1.867308634,0.815299112,0.400023902,-0.510847321,0.464631353,-0.782401101,1.778054222,-0.355391867,0.616608257,-0.627268909,0.608329083,-0.684067049,-1.298148187,-0.703710554,1.545268128,-1.45929429,-1.161112567,-0.468900278,-2.051559073,-2.512025099,-3.519701302,-1.194702126,-1.845723674,-2.604799122,-2.775218097,-2.385338877,0.164880597,-1.234337383,0.112597738,-0.116259864,-0.490560411,-0.388793063,0.797521462,0.390962351,0.887390259,-0.123274808,-0.140679225,0
bend_elbows,902202106b.xlsx,left,0.04764907,1.147573262,1.086039129,0.286000875,-0.310594014,-0.775653243,-0.380590314,-0.332931772,0.157728873,-0.202039506,-1.066309741,0.137229872,-0.712160374,0.726629048,-0.898501335,-0.153470023,0.122508433,0.710592717,-0.660103444,0.168013264,0.402375329,-0.085781889,0.024396235,-0.254489989,1.197419564,0.287404461,0.549070178,-0.769013411,1.219413103,0.436258007,0.085061326,0.350795552,1.633445423,0.659550104,0.514858729,-1.034888449,-0.366158904,0.601083963,0
bend_elbows,902202106b.xlsx,right,0.04764907,-0.754712034,-0.146430777,0.836455988,-0.231216447,-1.191102885,-0.195996378,0.139262464,0.580853001,-0.065598212,-0.74159966,0.183614105,-0.645899899,0.857086273,-0.050668221,-0.748670446,0.128084794,0.664895971,-0.132470251,0.025223394,1.579360155,0.267895075,0.447664095,0.003309958,0.688051604,0.16866734,1.313447983,-0.769013411,1.389968695,0.533943857,0.085061326,0.589520284,1.093049904,0.620413526,0.447873671,-1.02453917,-0.321029311,0.230202369,0
raise_arms_bend_elbows,0812202001a.xlsx,left,-0.252576799,-0.878417244,-0.151916671,0.357326458,-0.595675055,-0.39896534,0.11489282,-1.042864837,0.175024185,1.089936379,-0.447573914,0.527769325,-0.349207435,1.257505666,-0.115959076,-0.105720239,-0.097506981,0.400392588,-0.256832768,0.934648358,1.882068459,1.541125102,0.747650935,0.843325382,1.862146826,1.11381181,1.524033964,0.126569636,-0.044847174,0.0246116,1.99339755,-0.387393511,-0.222294772,-0.583084592,0.577418698,0.93943368,-0.123653113,-0.007284537,0
raise_arms_bend_elbows,0812202001a.xlsx,right,-0.252576799,-0.878495776,-0.705414274,0.169793783,-0.262032965,-0.238665774,0.773418416,-0.799270615,1.475151389,1.4828035,-0.229740939,0.582872399,-0.345750873,0.196279841,-0.240027346,0.248972382,-0.210740893,-0.208433462,-0.287995897,0.808812886,1.875013262,1.074815713,0.286870346,0.759795889,1.323256532,0.799941404,1.495323281,0.126569636,0.058166108,0.040914496,1.99339755,-0.387393511,-0.222294772,-0.713460957,0.543694744,1.057777298,-0.123653113,-0.007284537,0
raise_arms_bend_elbows,0812202002a.xlsx,left,0.292989087,-0.414080022,-0.745861219,-0.202088446,1.063452757,0.185593936,0.559440065,0.938513167,1.55816074,-0.639380502,1.430409671,-1.557530806,2.881256558,0.535703041,1.986155573,-1.293827831,2.831793773,1.409973267,2.450482503,-0.436813226,0.772131395,-0.776777456,0.943680659,0.034701467,0.632174692,-0.488637403,0.740107482,-0.564658489,0.113290277,-0.023665174,0.211023754,-0.250776422,-0.036548455,-0.191653577,-0.883954584,0.248285901,-0.210075168,-0.400649512,1
raise_arms_bend_elbows,0812202002a.xlsx,right,-0.252576799,-0.661336449,-0.71382817,0.380640414,-0.62089762,-0.051925363,0.769911041,1.480075322,-1.362686522,0.065675671,0.104059898,0.18364333,-0.218493963,-0.560951202,-0.614948521,0.261861399,-0.232824912,-0.498984427,-0.466917617,-0.773292423,-1.002368914,-0.744711898,-0.91686715,-0.526687276,-0.651545896,-0.741537111,-1.003141259,-0.564658489,0.038425986,0.236502816,-0.306391918,-0.250776422,-0.036548455,-0.514145367,-0.440752019,0.773357268,-0.210075168,-0.400649512,1
raise_arms_bend_elbows,0812202002b.xlsx,left,-0.252576799,0.471596036,0.296559603,0.084589262,-0.490559354,-0.261423314,0.073398142,1.079884814,-0.058544995,-0.369284356,0.554425821,-0.334890224,0.833682533,0.874656662,4.457111994,-0.384293067,0.737804597,0.9562501,3.22783372,-0.729707001,-0.856817265,-1.146006836,-1.295178042,-0.496478144,-0.623385349,-0.82470831,-1.037633106,-0.810141374,0.125458137,0.076099847,0.35081676,-0.411275822,0.174949872,0.003530218,0.152811507,-0.102842805,-0.291475758,-0.400649512,1
raise_arms_bend_elbows,0812202002b.xlsx,right,-0.252576799,-0.763305882,-0.751302516,0.100542967,-0.502085278,-0.093836118,0.429808485,0.836290591,0.238344976,0.191954388,-0.16182696,0.305207065,-0.343456998,-0.91731366,-0.596635144,0.302816345,-0.274172972,-0.613342288,-0.458592026,-0.614792273,-0.619503677,-0.783146986,-1.139036617,-0.511852121,-0.648923116,-0.738739932,-0.991221225,-0.810141374,0.196379699,0.312394274,0.35081676,-0.411275822,0.174949872,0.011070247,-0.046726576,0.402151698,-0.291475758,-0.400649512,1
raise_arms_bend_elbows,1212202001a.xlsx,left,-2.434840341,-0.55474589,-0.566269687,-0.231673867,-0.247473372,-1.449985855,-0.802948832,-0.619474879,-0.977206924,-0.893107184,2.377639153,-3.333957577,4.559062766,1.851118333,2.192977749,-3.906662278,3.921404657,2.463619169,3.384828651,-0.106077805,-0.523603587,-0.17851166,0.027761961,-0.370778628,-0.441759311,-0.037741252,-0.151798504,-2.037555802,0.931921514,1.687714533,0.35081676,-1.485979806,-0.15348074,1.11247733,1.086556124,-0.326352684,-0.157570025,-1.974109416,1
raise_arms_bend_elbows,1212202001a.xlsx,right,-1.34370857,-0.58847618,-0.204047714,0.419474957,0.660853125,-0.784052678,-0.66862168,-0.392120272,1.152172172,-2.412193386,1.843788433,-5.799841037,4.253992709,5.031870984,3.43103095,-5.331052252,4.793896515,5.541944492,4.247994779,0.436549762,2.382176717,0.115736158,2.338250357,0.557289963,1.666930854,-0.010493591,1.881164677,-2.037555802,1.447174891,1.879822842,0.35081676,-0.053041161,-1.467203185,0.807745476,0.730568216,-0.507816597,1.717110231,-2.760839368,1
raise_arms_bend_elbows,1312202001a.xlsx,left,-0.252576799,-0.222701874,-0.696348091,1.076437842,-0.187238318,-0.153148248,-0.77247825,0.209905449,-0.692658897,1.089936379,0.851641606,0.330345383,-0.307663691,0.637709842,-0.113778241,0.325324688,-0.365114866,0.022441936,-0.111647728,-0.354770143,-0.703883406,-0.27445572,-0.824984489,-0.519928706,-0.64096198,-0.500827381,-0.872715231,0.67567609,-0.17041749,0.002849157,-1.050521255,-0.418610684,-0.28420742,0.629556168,1.708101904,-0.047197922,-0.090969542,0.386080439,0
raise_arms_bend_elbows,1312202001a.xlsx,right,-0.252576799,0.50599568,-0.551594194,0.471890612,0.648155581,1.669131395,1.224126177,0.018509988,1.061354268,1.188153159,1.132906129,0.421275847,-0.142637771,0.082773288,-0.071190838,0.177256798,-0.382650157,0.049132501,-0.250343438,-0.244858593,-0.156358589,-0.197529268,-0.757803663,-0.295045058,-0.421557955,-0.395741632,-0.78994281,0.67567609,-0.225838253,-0.113852253,-1.050521255,-0.418610684,-0.28420742,0.588277776,1.530694573,-0.176253042,-0.090969542,0.386080439,0
raise_arms_bend_elbows,1502202101b.xlsx,left,0.292989087,-0.708891051,-0.751417336,0.833594693,-0.459869012,-0.482458954,-0.042804645,0.771042139,-0.944919918,0.109522448,-0.073917533,0.135059569,-0.237813472,-0.524742658,-0.20718564,0.250865487,-0.286546537,-0.592839502,-0.405392471,-0.572430224,-0.910492436,-0.644570192,-1.39375872,-0.52106605,-0.62232866,-0.755295176,-1.092614375,0.165330091,-0.207292566,-0.076632008,0.190560987,-0.151538827,-0.008748606,0.253770667,0.734660945,0.08945821,-0.221703823,0.386080439,0
raise_arms_bend_elbows,1502202101b.xlsx,right,0.292989087,-0.263591683,-0.740083255,0.182553067,-0.607054468,0.146459792,0.598381236,0.466549361,-0.749715353,0.981196372,0.048557866,0.488427995,-0.413938851,-0.65419365,-0.35815678,0.281807793,-0.204216466,-0.545247653,-0.449126715,-0.545726469,-0.744633735,-0.398125227,-1.411240805,-0.520272081,-0.64714935,-0.559478929,-0.966891278,0.165330091,-0.260056565,-0.272935132,0.190560987,-0.151538827,-0.008748606,0.09794887,0.537971089,-0.191313103,-0.221703823,0.386080439,0
raise_arms_bend_elbows,1502202103a.xlsx,left,-0.252576799,-0.472834975,-0.414147932,-0.621708289,-0.157247598,-0.736908398,-0.367320757,-1.02546525,1.582284263,0.079706639,-0.963075491,0.397726065,-0.395097087,-0.017117582,-0.152734388,0.158236566,-0.345905306,-0.312712455,-0.343943061,1.02564529,1.811453668,0.916447535,1.118525518,1.440433182,1.368566426,1.004607699,1.581897123,-0.034932262,-0.071850794,-0.343021516,-0.447677583,-1.930462772,0.120156753,0.39078297,-0.657943839,-1.522030378,-0.271859743,0.386080439,1
raise_arms_bend_elbows,1502202103a.xlsx,right,-0.252576799,-1.623924454,-0.542020194,-0.786320187,0.635882834,0.52745229,2.497875635,-0.990666075,1.776723871,0.37435698,0.159890104,0.471322981,-0.291824984,-0.752294667,-0.418048255,0.232773402,-0.243310551,-0.501235757,-0.405376677,1.054491426,1.915482579,0.851088998,1.393510355,1.19719259,1.346496802,1.134812427,1.562097923,-0.034932262,-0.10040999,-0.262773345,-0.447677583,-1.930462772,0.120156753,0.582881369,-0.56100484,-1.451437322,-0.271859743,0.386080439,1
raise_arms_bend_elbows,1502202103b.xlsx,left,0.838554972,1.089464727,1.369152298,-0.45454241,0.874343212,1.45577993,1.316163702,-0.024022336,1.745701899,-1.198670501,0.332872664,-0.347217606,0.42014099,-0.098708535,0.146378679,0.208207961,-0.235708332,-0.033534232,0.117588151,-0.252589739,0.294845613,0.177504004,0.992091506,-0.557524545,-0.508527896,-0.0815177,0.650084376,0.753197001,-0.296081277,-0.636092907,-0.00830947,-0.45159162,-0.318224069,0.346337207,-0.183840906,-0.891826912,-0.072058294,0.386080439,1
raise_arms_bend_elbows,1502202103b.xlsx,right,0.292989087,-0.725256785,-0.800534994,-0.147338334,-0.476580215,-1.05847033,-1.022093649,0.999411722,0.779402058,-0.332453064,0.135498421,0.097353693,-0.199753703,-1.179382417,-0.334279057,0.36957624,-0.383308282,-0.638653804,-0.423361289,-0.651515439,-0.506833363,-0.291304797,0.644588626,-0.593493985,-0.532271773,-0.481104429,0.199514023,0.753197001,-0.620241725,-0.611156989,-0.00830947,-0.232734431,-0.518872995,0.544970638,0.123082836,-1.056295861,0.055798188,-0.007284537,1
raise_arms_bend_elbows,1502202104a.xlsx,left,2.475252628,1.318577793,2.920388569,0.084681262,0.907404884,-1.049064779,-1.086560866,0.994336843,0.57549781,-0.606641575,0.118593864,-0.049489225,-0.197046499,-0.466439871,-0.19014675,0.336965777,-0.369540389,-0.480696793,-0.371442596,-0.67241157,-0.330888122,-0.710288857,0.759524504,-0.52936098,-0.601880184,-0.588090259,0.28977515,0.475413736,-0.299896011,-0.673347779,0.07787188,0.853991678,0.462539371,-0.181033207,-1.011675465,-0.595890975,-0.380804977,1.566175367,1
raise_arms_bend_elbows,1502202104a.xlsx,right,3.020818514,3.291212383,3.77198885,-1.1529614,2.048376837,0.037984815,-0.86914444,0.473576118,1.231740311,-0.119964837,0.860552984,0.113305975,0.267866307,-0.242031103,0.667668335,0.331664456,-0.238416877,-0.172717181,0.251611972,-0.722952557,-0.339158785,-0.750717163,0.253893476,-0.450574431,-0.521841539,-0.497938534,0.143746327,0.475413736,-0.328618836,-0.971006555,0.07787188,0.853991678,0.462539371,-0.877482083,-1.663972578,-0.761294477,-0.380804977,1.566175367,1
raise_arms_bend_elbows,1502202105b.xlsx,left,0.838554972,-0.254441352,-0.513099279,0.682708792,0.406102528,-0.394718802,-0.628205416,-0.538276805,-0.066822938,2.129787053,4.667561029,0.452099858,-0.307864542,0.979343279,-0.007675594,-0.059966375,-0.043958991,0.523180716,-0.196691533,0.282650531,1.47231017,0.794170228,1.605476015,0.128464387,1.312021553,0.416233053,1.520525398,1.315223607,-0.406920838,-0.357734798,-1.066946736,-0.090430956,-0.363787506,1.312631535,0.45686191,0.582429862,-0.045582547,0.779445415,1
raise_arms_bend_elbows,1502202105b.xlsx,right,0.838554972,-0.143288688,-0.218005625,-0.29514056,0.141797929,-0.118854203,-0.657500451,0.003043688,-0.233762816,0.198190374,-0.392629911,0.379134373,-0.384947145,0.364780438,-0.047749587,0.264619813,-0.364110141,0.108922706,-0.110222268,-0.420594076,-0.619484091,-0.416834796,-0.783855412,-0.565891,-0.596700908,-0.477199133,-0.898804027,1.315223607,-0.661843418,-0.773140288,-0.456118926,-0.090430956,-0.363787506,-0.576962696,-0.35054957,0.511816599,-0.045582547,0.779445415,1
raise_arms_bend_elbows,1502202106a.xlsx,left,-0.252576799,-0.573130405,-0.684971672,-0.356913073,-0.235506521,-0.35083457,0.361880531,0.401300909,-0.966702803,1.07590541,-0.359175834,0.585149983,-0.430558045,-0.78586255,-0.33541184,0.290937188,-0.280600987,-0.717477474,-0.423495593,-0.593486424,-0.906029702,-0.685882471,-0.85368093,-0.509494397,-0.589130904,-0.713829456,-0.938277954,0.029668497,-0.206410518,-0.19612146,0.103756711,-0.335839532,-0.168277809,-0.370674355,1.247466455,-0.186166019,-0.150478307,-0.007284537,0
raise_arms_bend_elbows,1502202106a.xlsx,right,-0.252576799,-0.124802907,0.191062708,-0.000352128,-0.478093875,-0.646263347,-0.507015068,1.271280274,0.28849705,0.430480854,0.12369723,0.337814629,-0.298400883,-0.460324108,-0.309348539,0.305315768,-0.329982648,-0.261880016,-0.419539898,-0.754052094,-0.82843987,-0.713592858,-0.714473928,-0.546112968,-0.631612368,-0.630377624,-0.857867562,0.029668497,-0.042815763,-0.070070032,0.103756711,-0.335839532,-0.168277809,-0.329146549,1.246949925,0.277239921,-0.150478307,-0.007284537,0
raise_arms_bend_elbows,1502202107b.xlsx,left,-0.252576799,1.300363573,0.676818457,1.106534036,0.006010158,-0.618550837,-0.822544742,-0.520877218,0.031409571,-1.070832787,-0.240699481,-0.488122333,0.153435692,1.588368997,0.18882398,0.409031294,-0.099549901,1.091891154,0.494746603,0.115716443,0.112850771,0.500670824,-0.568653518,-0.523661449,-0.533807778,0.175552007,-0.219593298,-0.267494996,-0.14737771,0.098240656,-0.390955183,1.904896557,-0.241250989,-1.124712452,-0.543647023,1.237911521,-0.11387447,-0.400649512,0
raise_arms_bend_elbows,1502202107b.xlsx,right,-0.252576799,-1.200263792,-0.388417109,0.394858099,-0.381629707,0.216379047,0.359520859,0.296903385,-0.121887819,0.107768576,0.050170083,0.224026704,-0.311847417,-0.742261871,-0.374837333,0.379917507,-0.390119892,-0.516262074,-0.345285335,-0.402091612,-0.44964993,-0.074137675,1.717718047,-0.573982567,-0.458865198,-0.28826182,0.991683816,-0.267494996,-0.233757863,-0.090028556,-0.390955183,1.904896557,-0.241250989,-1.023293863,-1.375751613,1.287959392,-0.11387447,-0.400649512,0
raise_arms_bend_elbows,1901202101a.xlsx,left,2.475252628,1.278695815,0.109583845,-6.07517662,2.44317733,0.275573069,0.102649276,-1.664900083,-0.85949558,-4.175184591,-0.90461028,-0.829148971,0.55002915,-0.209302106,2.310619752,-2.102243253,1.564855743,1.425993566,1.22910285,-0.793428596,-0.408798556,-0.992273948,-0.210400143,0.288983644,0.254418634,-0.703318648,-0.653906816,-0.900582437,-0.362957056,-1.843546362,-0.379904527,0.773051883,-1.442077346,-1.593186414,-2.140292332,-2.680964367,1.61350948,-2.367474392,1
raise_arms_bend_elbows,1901202101a.xlsx,right,-0.798142684,-0.701993377,-0.270812491,0.703918438,-0.16500199,-0.236833636,-0.688036609,-1.57355225,-0.648982042,0.252755252,0.669388351,0.089411623,-0.014649797,0.457409395,-0.107129149,0.248749065,-0.183440299,-0.10211992,-0.299254819,1.851017469,1.999385521,1.861702159,1.255677593,1.215997797,1.705724656,1.956306699,2.045696893,-0.900582437,0.490474475,0.317242081,0.803365739,-1.458573876,1.967857963,0.47009828,-0.233334122,-1.364340931,-0.643506881,1.566175367,1
raise_arms_bend_elbows,1901202101a2.xlsx,left,-0.252576799,0.609120889,2.181421185,0.703329196,0.073604115,1.57708891,2.370721916,-2.017241726,-1.621735025,0.318233106,-0.958487409,0.34207537,-0.476122989,0.640423012,0.411918995,0.120394485,0.079075233,0.281577724,0.087324545,2.934035904,0.805869277,2.802597108,0.499057623,1.685293731,3.426227808,3.045832714,0.589009654,-1.688711701,1.375297526,1.013005064,-0.872933805,1.14498951,1.456367667,-1.175403925,0.03970185,0.181704152,-0.579020699,-0.400649512,1
raise_arms_bend_elbows,1901202101a2.xlsx,right,-0.252576799,2.366886375,2.010172158,0.623942552,-0.414601819,1.635028634,0.881746364,-2.104239662,-1.795914681,0.191954388,-0.920803852,0.359524785,-0.477599527,0.03639574,0.111793415,0.046567065,0.14192997,-0.253083309,-0.067538261,3.000018089,0.228320429,2.096567706,-0.143887926,3.901894661,0.160086212,2.70675605,0.617361895,-1.688711701,1.398863682,1.08915042,-0.872933805,1.14498951,1.456367667,-1.32507646,0.316900847,0.270976825,-0.579020699,-0.400649512,1
raise_arms_bend_elbows,2001202101a.xlsx,left,-0.252576799,-0.564623096,-0.023123115,0.306585328,0.236547486,1.773014616,-0.099376444,0.97548729,2.314653026,-1.169049567,-0.454112259,-0.125492722,-0.279642846,-0.034691299,-0.543572065,0.06391265,-0.137845252,-0.38066989,-0.362200545,-0.379161017,0.694149319,0.54589926,0.47833219,-0.600740545,-0.57143633,0.276651017,0.984378089,-0.183514009,-0.372739543,0.011113643,3.063763005,1.788772647,-0.294482363,-1.982966256,-1.154414355,1.964264652,-0.085331406,-0.400649512,0
raise_arms_bend_elbows,2001202101a.xlsx,right,-0.252576799,0.195536437,-0.177198728,0.596050925,-0.595360356,1.966826942,-0.872879462,-0.694873091,-0.007725226,-0.73408954,-0.45786577,0.013255205,-0.356168637,1.440748679,-0.429820668,0.262542518,-0.355561584,0.727354189,-0.362138254,0.418492007,1.573374811,1.130717647,0.80632054,0.378977155,1.627279293,0.459926305,0.642619455,-0.183514009,-0.223110889,0.153795765,3.063763005,1.788772647,-0.294482363,-1.756448989,-0.688539282,2.047469768,-0.085331406,-0.400649512,0
raise_arms_bend_elbows,2112202002a.xlsx,left,0.292989087,0.866320633,0.77314128,0.453390774,-0.59595979,0.008942471,-0.338458221,0.085933389,-1.025318631,1.509111566,0.095225769,0.522969802,-0.33937191,-0.159645469,-0.231869719,0.381898172,-0.364203189,-0.111319062,-0.292207643,-0.429122335,-0.823586542,-0.84852067,-1.114322105,-0.525080673,-0.520374146,-0.701555101,-0.994491723,0.029668497,-0.449035108,0.008176057,0.103756711,-0.069181018,-0.412751134,0.003741202,1.169836777,0.531946482,-0.015559472,-0.400649512,0
raise_arms_bend_elbows,2112202002a.xlsx,right,0.292989087,1.02302341,0.1485685,0.751277824,-0.605646783,-0.133534653,0.486179292,0.831940695,0.95394314,0.539220861,-0.406571076,0.299938187,-0.324551737,-0.440151626,-0.361181071,0.311857803,-0.340224618,-0.647357403,-0.378444874,-0.579570786,-0.689598783,-0.666624856,-0.92945604,-0.571608519,-0.607379871,-0.660968583,-0.892327848,0.029668497,-0.475118179,0.192965304,0.103756711,-0.069181018,-0.412751134,0.154522194,1.242648234,0.866964484,-0.015559472,-0.400649512,0
raise_arms_bend_elbows,2112202003b.xlsx,left,-0.252576799,0.398221596,-0.247609353,0.207875663,-0.568758859,-1.080461614,-1.158084682,0.436100084,0.394063798,-0.257036607,-0.981193969,0.164466452,-0.430288845,0.378526121,-0.333105227,0.30794989,-0.377863017,-0.004394068,-0.270570483,-0.494173431,-0.473974513,-0.33009518,-0.053517205,-0.546414676,-0.623344443,-0.464843065,-0.441734,1.534866189,-0.726956058,-0.580851177,-1.07160536,-0.370293391,-0.276365948,1.926372376,0.801701435,-0.180272674,-0.095230179,1.172810391,0
raise_arms_bend_elbows,2112202003b.xlsx,right,-0.252576799,0.560189033,0.29491278,0.2648656,-0.769789495,-0.964582424,-0.856139237,1.149483163,0.25124547,-0.369284356,-0.466042301,0.070561235,-0.252126723,0.071039536,-0.558564352,0.333872131,-0.343856217,-0.409520542,-0.443506302,-0.704732525,-0.698073493,-0.604164136,-0.562470439,-0.552974699,-0.650185213,-0.71424639,-0.882037567,1.534866189,-0.734109833,-0.535986671,-1.07160536,-0.370293391,-0.276365948,1.849320788,0.771330508,-0.090971491,-0.095230179,1.172810391,0
raise_arms_bend_elbows,2112202003b2.xlsx,left,-0.252576799,-0.194380085,-0.5030607,0.193833926,-0.687793702,-0.945347003,-1.121162434,0.540497607,-0.086881419,-0.551686948,-1.112182728,0.074844984,-0.44287401,0.476582276,-0.566369694,0.300612064,-0.379192178,0.000826334,-0.443481676,-0.547672769,-0.662831996,-0.292545397,-0.418048842,-0.548531566,-0.629446835,-0.50512184,-0.615237977,1.476725506,-0.70249684,-0.542389316,-1.070414197,-0.347828266,-0.253710245,2.074547412,0.697738517,-0.18839106,-0.107339358,1.172810391,0
raise_arms_bend_elbows,2112202003b2.xlsx,right,-0.252576799,-0.516375293,-0.631299328,0.306156072,-0.618806073,-0.984761995,-1.014434292,0.610095957,0.059454233,-0.060603047,-1.019862983,0.212377514,-0.449178594,0.03426369,-0.503701953,0.321231276,-0.334973367,-0.375614772,-0.438449644,-0.547676478,-0.68609321,-0.481519418,-0.601119164,-0.566056535,-0.585284044,-0.605063882,-0.898469096,1.476725506,-0.724450925,-0.458254861,-1.070414197,-0.347828266,-0.253710245,2.091473682,0.960696357,-0.051641823,-0.107339358,1.172810391,0
raise_arms_bend_elbows,2112202005a.xlsx,left,-0.252576799,0.946931395,-0.528722185,-0.107894514,-0.83177595,1.122333836,0.476439137,1.079884814,-0.653514385,-0.565717917,-1.008541114,0.19779421,-0.478188281,-0.860674126,-0.472030106,0.35002915,-0.3595626,-0.748566386,-0.452910814,-0.759314468,-0.906267324,-0.847837102,-1.058584752,-0.531504477,-0.642591671,-0.789650228,-1.007783088,-0.157673705,-0.507287824,-0.346937095,-0.269318521,1.75561608,-0.309681383,-1.889650128,-1.615441255,1.382984865,-0.076874202,-0.400649512,0
raise_arms_bend_elbows,2112202005a.xlsx,right,-0.252576799,-0.758565174,-0.659677605,0.105486651,-0.714371927,-0.248113692,0.645051086,0.905888941,-0.621888574,0.037613733,-0.760912715,0.287871112,-0.453942428,-0.994091424,-0.599871063,0.371680977,-0.361874552,-0.788149145,-0.519049001,-0.661353664,-0.794632208,-0.838339719,-1.13818591,-0.531264386,-0.646340403,-0.756898467,-0.989629151,-0.157673705,-0.456364196,-0.15107133,-0.269318521,1.75561608,-0.309681383,-1.60720857,-1.843427169,1.719852215,-0.076874202,-0.400649512,0
raise_arms_bend_elbows,2112202005b.xlsx,left,-0.252576799,2.063059952,-0.576288227,-1.233954907,0.1105926,2.194717303,0.082378892,-0.259883408,0.794742592,1.258308002,0.154247302,0.762334284,-0.401272809,-0.103708099,0.065222837,0.352539863,-0.337704514,0.721733444,0.175851975,-0.473752806,-0.628831442,-0.898403309,-0.555321865,-0.434955914,-0.544890496,-0.634563025,-0.578965054,0.701516394,-0.571068783,-0.969033978,-0.581448798,-0.873279026,-0.093085851,0.399099984,-0.61282529,-1.403020711,-0.185443561,0.779445415,1
raise_arms_bend_elbows,2112202005b.xlsx,right,-0.252576799,0.502234065,-0.125754442,-0.154018162,-0.494565897,-0.170378411,-0.843272924,0.07070875,-0.389593004,1.089936379,0.177505761,0.525742881,-0.365034854,-1.466769671,-0.571664021,0.276733582,-0.365213638,-0.829893836,-0.478475308,-0.458210499,-0.672003948,-0.848557882,-0.72521097,-0.573381349,-0.614799313,-0.650586338,-0.692430906,0.701516394,-0.587514074,-0.731226835,-0.581448798,-0.873279026,-0.093085851,0.486195665,-0.340519874,-1.039375467,-0.185443561,0.779445415,1
raise_arms_bend_elbows,2112202005b2.xlsx,left,0.292989087,1.296455549,-0.193676537,-1.292657951,0.474556149,2.132857499,0.387433594,-0.538276805,-0.623537732,0.342787301,-0.224942363,0.597508444,-0.30931951,-0.007949764,-0.475722101,0.343342815,-0.36918077,0.614176,-0.198764842,-0.380756533,-0.609266448,-0.93994599,-0.73425129,-0.412716207,-0.588088851,-0.486090751,-0.642688852,0.139489788,-0.500543062,-1.012047789,0.063915377,-1.944139506,0.244125959,0.534758698,-0.618224051,-1.770402333,-0.314944499,0.779445415,1
raise_arms_bend_elbows,2112202005b2.xlsx,right,0.292989087,0.106185403,-0.070255858,0.035291724,-0.576350888,0.880516826,1.11846644,0.055484111,-0.819081517,-0.307898869,-0.336480399,0.192489699,-0.278477383,-0.678031777,-0.554478895,0.305224684,-0.323603144,-0.285134374,-0.423717631,-0.430686793,-0.669491486,-0.617232978,-0.118736563,-0.555860769,-0.609799754,-0.423402028,-0.443582922,0.139489788,-0.382436679,-0.544509171,0.063915377,0.380647101,-1.887245371,0.939172033,-0.169007151,-1.346903338,6.704746386,-2.760839368,1
raise_arms_bend_elbows,902202101a.xlsx,left,0.292989087,-0.629550755,-0.714328855,0.011581936,-0.562042365,-1.188497378,-1.111738913,0.329527611,-1.135533446,0.833871202,-0.883928246,0.461755606,-0.463499593,-1.148110416,-0.531402605,0.366405327,-0.383256617,-0.727646321,-0.50282082,-0.525925343,-0.821770957,-0.769955985,-1.079276146,-0.501836356,-0.643141855,-0.765400173,-0.917477703,1.43796505,-0.70970221,-0.580308633,-0.871512581,-0.333826324,-0.23958952,-0.089263776,1.389991098,-0.284433944,-0.114739412,1.172810391,0
raise_arms_bend_elbows,902202101a.xlsx,right,0.292989087,-0.491773853,-0.714619358,-1.054715115,-0.15542824,-1.058370798,-1.233208681,0.116382667,0.300749408,0.060414057,-0.553950876,0.424367945,-0.315867625,-0.847529026,-0.618207117,0.346375803,-0.393919818,-0.547077601,-0.481287063,-0.543396916,-0.701352692,-0.77785199,-1.212850695,-0.525948684,-0.619895094,-0.750496178,-0.990365825,1.43796505,-0.737871629,-0.691780853,-0.871512581,-0.333826324,-0.23958952,0.169075382,0.554875914,-0.569639368,-0.114739412,1.172810391,0
raise_arms_bend_elbows,902202103b.xlsx,left,0.292989087,0.38616524,-0.147862166,1.121978889,-0.720975093,-0.681907128,-0.834996715,2.126035,0.220632379,-0.393838551,0.409534745,-0.135616329,-0.239533881,-0.07891774,-0.640374592,0.363894655,-0.374195173,-0.396419289,-0.531611742,-0.817500607,-0.842920336,-0.944589123,-1.010673822,-0.54131587,-0.652791599,-0.834923826,-0.972498901,0.527094344,-0.358609243,-0.177580032,-0.308007924,-0.347196368,-0.210550454,0.371138009,1.862585287,0.11741813,-0.129614267,0.386080439,0
raise_arms_bend_elbows,902202103b.xlsx,right,0.838554972,0.84620901,0.293818143,-0.062358775,5.327920988,2.091361244,1.093642276,1.031552627,1.530929987,-0.314719478,0.914084962,0.329700924,-0.230934673,-0.939022207,0.066053659,0.230580022,-0.114706529,-0.523404639,-0.207707759,-0.793903886,-0.566960072,-1.01219954,-0.251392787,-0.511261843,-0.629794032,-0.794113183,-0.712623668,0.527094344,-0.504271277,-0.463655446,-0.308007924,-0.347196368,-0.210550454,0.115734663,1.442167694,-0.238983716,-0.129614267,0.386080439,0
raise_arms_bend_elbows,902202104a.xlsx,left,-2.980406226,-1.70970394,0.089380553,-0.084124599,-0.735512591,-0.913412497,-0.931058708,-2.12163925,-2.247133432,-0.025525625,-1.480995306,0.298091168,-0.532852619,0.47721453,-0.146892389,0.307068798,-0.304662245,-0.182807504,-0.132559123,3.145819218,-0.52427622,2.120374745,-1.234294114,3.787902517,-0.546731178,2.743305191,-0.264979517,-2.761084306,4.850390159,4.302959814,0.670216431,2.999939583,5.825211536,1.356659508,0.618598994,-0.409284381,-0.862548469,-1.187379464,1
raise_arms_bend_elbows,902202104a.xlsx,right,-2.980406226,-1.470853375,-0.870895336,-0.498160404,-0.929911801,-0.743168501,-1.189056739,-1.695349361,-1.061200867,-0.418392746,-0.968569571,0.245559387,-0.443397633,0.326082229,-0.626374019,0.294944584,-0.327168371,-0.055162255,-0.49192708,1.378125099,0.943314408,1.844312716,1.206283148,1.56133485,2.225047475,1.503638803,-0.281831824,-2.761084306,3.946847814,3.791561315,3.428668135,-0.468319558,1.05564597,0.201974472,-0.442242279,-0.381852983,-0.514005942,-2.367474392,1
raise_arms_bend_elbows,902202104a2.xlsx,left,0.292989087,-0.79448904,0.945539275,0.615173953,0.373074693,-1.576245079,-0.637221908,-1.57355225,-0.555656928,0.379618593,0.012260219,0.173978588,-0.133245017,-0.068966958,-0.387335015,0.348877474,-0.385201867,-0.394278825,-0.34070987,1.794831684,1.865272362,1.757131879,1.937427626,1.463130414,1.730361467,1.755162234,1.933889272,-0.002631883,0.237421931,0.223783431,-0.454102993,0.22361531,-0.146977163,1.197214433,0.088785175,-0.771860816,-0.160653381,-0.007284537,1
raise_arms_bend_elbows,902202104a2.xlsx,right,0.838554972,-0.879883247,-0.433544224,0.517741818,0.582807426,1.405749216,3.598997139,0.165439837,-0.048977572,-1.340539183,-0.041694488,-0.425708106,0.144576488,0.376610315,-0.201627452,-0.015141587,-0.156033399,-0.091089201,-0.246109408,-0.348048039,-0.523893051,0.133121501,0.683707837,-0.558719141,-0.558857947,-0.043963032,0.232344201,-0.002631883,-0.032964005,-0.012470996,-0.454102993,0.22361531,-0.146977163,0.555604553,-0.249053193,-0.857142592,-0.160653381,-0.007284537,1
raise_arms_bend_elbows,902202104b.xlsx,left,0.292989087,0.588409385,2.631926643,0.59515336,-0.442211481,-0.43410625,0.317801885,-1.497429055,-1.164839429,1.165352835,0.855176166,0.154974185,0.415060323,-0.385873976,-0.523090284,0.300152202,-0.35214352,-0.356270242,-0.256824138,1.264352299,1.331815908,1.608593304,1.205323012,0.077260721,1.06435084,1.571936737,1.840912934,-0.125373326,0.114298969,0.355474675,-0.277646603,-0.2417409,-0.069683629,-0.637487253,-0.537301405,1.453417793,-0.195803636,-0.007284537,0
raise_arms_bend_elbows,902202104b.xlsx,right,0.292989087,-0.959402585,-0.38859564,0.164023032,0.335188806,-0.372724698,0.286723115,-0.081537639,0.983930461,0.367341496,0.358515325,0.213293274,-0.020014893,-0.546609022,-0.514025135,0.299622199,-0.31616449,-0.485546416,-0.451549148,0.049919427,1.165785322,0.408525903,1.257801109,-0.052532161,0.658024828,0.288747588,1.47462746,-0.125373326,-0.128417919,-0.012406178,-0.277646603,-0.2417409,-0.069683629,-1.145117468,-0.850414922,1.095552097,-0.195803636,-0.007284537,0
raise_arms_bend_elbows,902202106a.xlsx,left,0.292989087,-0.716837274,-0.707676583,0.060925371,-0.643109318,-0.467163307,0.064754679,0.009810195,-0.110573211,-0.246513381,-0.822562346,0.213096293,-0.41210481,-0.805295293,-0.52929712,0.257021581,-0.319268382,-0.855058169,-0.438465396,-0.303632446,-0.158265062,-0.047573111,1.144046526,-0.569239115,-0.575348014,-0.245624085,0.777546061,0.145949864,-0.343691273,-0.39746664,-0.212731686,0.115739219,-0.234889273,-1.079901022,-1.843684814,1.066307458,-0.117178066,-0.007284537,0
raise_arms_bend_elbows,902202106a.xlsx,right,0.292989087,-0.570437879,-0.580154184,0.127890467,0.180068339,-0.215055793,0.184562565,1.014636361,0.176682629,-0.369284356,-0.805253439,0.166496606,-0.382538536,-0.938442021,-0.519937179,0.248675183,-0.331455056,-0.694809602,-0.428877194,-0.674944284,-0.76458618,-0.7362783,0.508014542,-0.49783048,-0.630343642,-0.610873244,-0.024776389,0.145949864,-0.408017773,-0.295275634,0.060416796,-0.399413747,-0.234889273,-0.811323845,-1.575857106,1.33951982,-0.117178066,-0.007284537,0
