,Participant,hand,rep_count,start_value_mean,start_value_std,peak_value_mean,peak_value_std,end_value_mean,end_value_std,num_frames_up_mean,num_frames_up_std,num_frames_down_mean,num_frames_down_std,vel_mean_down_mean,vel_mean_down_std,vel_sd_down_mean,vel_sd_down_std,acc_mean_down_mean,acc_mean_down_std,acc_sd_down_mean,acc_sd_down_std,vel_mean_up_mean,vel_mean_up_std,vel_sd_up_mean,vel_sd_up_std,acc_mean_up_mean,acc_mean_up_std,acc_sd_up_mean,acc_sd_up_std,freq num,magnitude mean,magnitude sd,DF3_freq,DF2_freq,DF1_freq,DF3_mag,DF2_mag,DF1_mag,CL,cycles num
0,0812202001a.xlsx,left,7,0.17360478606633123,0.018965882002797887,1.1360797924486967,0.01651598529474686,0.18413265625353994,0.004574587529801475,39.42857142857143,5.380741673076393,73.57142857142857,18.617707904547423,-0.4087898978197672,0.09882575971057421,0.5551071043547784,0.042291624604881756,-0.002908740531071238,0.020003191959870208,3.4851570322181513,0.47228438518502774,0.7427549852959798,0.09918910976457365,0.5443377385098144,0.09418836607923183,-0.05033274709177586,0.10131820516061339,5.690444880096221,0.8988438422615753,470.0,0.0053368495148594704,0.026187666949054833,0.1910828025477707,0.25477707006369427,0.2229299363057325,0.1679414179284599,0.33619269589877737,0.3511319165136964,134.57142857142856,7.000000000000001
1,0812202001a.xlsx,right,7,0.12381072255224261,0.010253284966134302,1.1886526767222645,0.017451041084836534,0.11313100678714232,0.0070199172200980245,36.285714285714285,4.990467102863409,50.57142857142857,17.775049393809876,-0.6843725260578507,0.16191877224033197,0.7445075513503193,0.056129234304737485,-0.2178408922725322,0.17396095078622698,5.166728050111239,0.906728674422782,0.895388724332287,0.13376505281066423,0.6277746199121433,0.0910567617166917,-0.05684417117103223,0.08379199412839779,7.173010914296374,1.056561356054875,470.0,0.005810582800099429,0.02943569583534184,0.1910828025477707,0.25477707006369427,0.2229299363057325,0.18783143669731225,0.37533631847053583,0.39806278138587925,134.57142857142856,7.000000000000001
2,0812202001b.xlsx,left,7,0.1672507237445843,0.013958945449947779,1.1436059332985273,0.04070652712976994,0.18039332442653938,0.00906615687032494,31.571428571428573,15.120153690324965,74.57142857142857,17.859237972331883,-0.40608906436950515,0.09409005344083632,0.7595769893974238,0.30169827556280543,0.1895053046258461,0.30664333661084436,10.74625538590312,12.499740880596539,1.0640576856989101,0.3907648273625213,0.7197992688693821,0.09040252798534984,0.9241109648963278,1.6190820947462674,10.300517089830267,2.874414924274426,449.0,0.006556626261575036,0.02856484569336465,0.3,0.23333333333333334,0.26666666666666666,0.1494323123478894,0.27401503494214424,0.4078707893138937,112.5,8.0
3,0812202001b.xlsx,right,7,0.12069047305746429,0.01278912206105029,1.233716944989798,0.021663861140445738,0.11022017383222805,0.008596131157007131,32.0,3.915780041490243,52.142857142857146,8.375133261199917,-0.6588910044508475,0.10826425207467455,0.7960561880642384,0.04795818168533543,-0.10824425863305566,0.16643541255739933,5.181645485987548,0.5741233105835071,1.0547390606329567,0.12592746290872886,0.7088260602776547,0.1367811589943238,0.008285883544715711,0.23649041498928414,7.909376692951199,1.9853222976498592,449.0,0.006917999261547755,0.032113001853839876,0.3,0.23333333333333334,0.26666666666666666,0.17526763369686593,0.30090060651824374,0.46184600881488436,112.5,8.0
4,0812202002a.xlsx,left,7,0.18188765584687766,0.025178518804438905,1.2775397655215601,0.0771089564461598,0.19445035271190317,0.03139091619646846,42.42857142857143,10.42204622994197,47.42857142857143,8.92295061171178,-0.7057441890058079,0.15112275230200758,0.38122230474184243,0.10680409523783853,-0.3010067656630882,0.20720634550347886,4.279435527301592,0.44792568309868375,0.8213644705588096,0.22812246834797345,0.5592569333621649,0.06214468794381051,0.07525060989766531,0.37651070023207717,6.447783754836197,1.4559095007758793,414.0,0.004332848487695303,0.030209643116001904,0.18050541516245489,0.21660649819494585,0.2527075812274368,0.0635389392493632,0.09275168887024775,0.5911644001610468,118.71428571428572,6.999999999999999
5,0812202002a.xlsx,right,7,0.15143947444773467,0.014040241014350816,1.1378792018721864,0.24303724299778,0.1479874892755005,0.012745958385006811,42.42857142857143,21.09389439985848,63.57142857142857,14.987296207757009,-0.5060391027900789,0.1988301536899497,0.5672681336618767,0.1037893782817127,-0.07925078448151036,0.06298295288892751,6.522542521925524,0.6438685504102377,0.8093950960846242,0.27167880958616164,0.7062932968574804,0.07184916035661555,0.2792989521257336,0.5449568355925729,8.340604336450479,1.174906911907113,414.0,0.004929041189411287,0.03025008379046828,0.18050541516245489,0.21660649819494585,0.2527075812274368,0.06418526170196828,0.10257657329493576,0.5929037472752062,118.71428571428572,6.999999999999999
6,1212202001a.xlsx,left,7,0.25738427668769714,0.11130827746221,1.2588164327441347,0.06428049226867011,0.3115064974339035,0.15182544310056034,24.857142857142858,10.367072415884365,32.714285714285715,21.62340002338736,-1.6952548954467692,1.6477920728727233,1.7564371546008495,0.9806018427492618,-7.958391704679722,15.412051185331247,37.45320845165855,31.260280275679502,1.3113317658130548,0.3759533483063649,0.9392957422111622,0.3971397288729089,0.31595620668780305,1.29842912505958,18.927067016929374,8.437494668316331,240.0,0.011519574110757902,0.037483082181231045,0.3112033195020747,0.37344398340248963,0.43568464730290457,0.2533523539710463,0.25831773246089457,0.30716773819501453,68.85714285714286,7.0
7,1212202001a.xlsx,right,7,0.2380717207857365,0.16023290776521992,1.2683008428485176,0.09516594183304473,0.23399935347129627,0.20770911005019366,24.714285714285715,7.609517849690734,38.285714285714285,13.877010793806733,-0.9401255613435424,0.5406215649081674,1.4386505118082487,0.794051070485084,-0.8055764328097789,1.7495951029769932,25.322817947774496,18.74594364983286,1.2968524581432195,0.31249469739723595,1.0990912376827089,0.43782104970567826,-0.49255548105521424,1.140773279850197,21.442236677403738,10.105960110751173,240.0,0.012262560758894902,0.03944693499590313,0.3112033195020747,0.37344398340248963,0.43568464730290457,0.2702532119948853,0.29037388130000225,0.30612429685347853,68.85714285714286,7.0
8,1212202001b.xlsx,left,8,0.1600468370076393,0.14362193012619318,1.2718072136548075,0.02427108712103699,0.136898199355054,0.0931910085082967,26.625,9.288049157000472,47.375,13.157697366940766,-0.8239276756196522,0.4736202831694092,0.9598080294294319,0.541199724621854,0.39829942784296135,2.6380950703785215,9.173827312504867,8.632280829903245,1.3546114569321828,0.4200697847402103,1.3280795452703293,0.7909017891659692,-1.0779166750832787,2.4355115654180985,23.692852899845644,18.15877795375398,322.0,0.00991268954803781,0.03424781265096585,0.2786377708978328,0.325077399380805,0.3715170278637771,0.2517322263356105,0.2651889100443243,0.2760564048412624,80.75,8.0
9,1212202001b.xlsx,right,8,0.15723620586835693,0.10354472960769313,1.262745162393085,0.03789125181951387,0.1379169352915086,0.01036019924281493,28.25,8.031189202104505,46.5,12.716693191010222,-0.8225837635022756,0.45090636274936635,0.8442387863504559,0.32664152861801693,0.04041027003170161,1.0926268800266248,7.652257199211208,6.272192479372982,1.2320174866395424,0.28356494707601965,1.4213990510058054,0.7264823367028267,-1.1230103370373443,1.1013061428580846,26.26082747181727,16.89566225616047,322.0,0.009955690390029085,0.03270434976338753,0.325077399380805,0.2786377708978328,0.3715170278637771,0.24103521017649676,0.24289565547992542,0.27313333460255673,80.75,8.0
10,1312202001a.xlsx,left,7,0.17665750843697575,0.00720538381875063,1.1729189111241578,0.0101395385781829,0.178987808850942,0.006938163447362163,36.714285714285715,8.673989580239027,50.714285714285715,7.973169292786187,-0.6013785754826594,0.10494531031464682,0.7327640082446157,0.04477798632944586,-0.05729505806481616,0.03236839554319091,4.408309926809771,0.6229805603333053,0.8471020540416021,0.16901226971439087,0.6921994106655155,0.056591191673709546,-0.11911306511898441,0.11588884904900346,6.27805815307223,1.2435194198964086,475.0,0.005359982208948066,0.02797380526834636,0.18907563025210083,0.22058823529411764,0.25210084033613445,0.13097909353429144,0.2254542781132982,0.4865599591305256,119.0,8.0
11,1312202001a.xlsx,right,7,0.14291830892525176,0.006471653784784607,1.1634053861210343,0.018692119762220512,0.14723837085521382,0.006596529386084492,29.714285714285715,5.677860093212515,62.142857142857146,9.511897312113417,-0.4997073197899065,0.07282927213451185,0.7031620001505863,0.032753504469291365,-0.040330530020915904,0.06107480287999703,4.356818187341634,0.4142290411758573,1.0575500158715236,0.1774500852862499,0.7654560212912266,0.060419761358763584,0.09614510084298729,0.12845796262363557,7.823964120785988,0.6291933935803048,475.0,0.005738227721840035,0.028901188397079315,0.18907563025210083,0.22058823529411764,0.25210084033613445,0.13421060461225406,0.23168560916766995,0.5044473861483958,119.0,8.0
12,1502202101a.xlsx,left,7,0.15074648683979186,0.02178487119483162,1.1381397175491816,0.08465909335684592,0.14621293819841827,0.018542083964289694,37.142857142857146,17.372665996027315,64.28571428571429,10.719363875937875,-0.4757826971099282,0.09954657226221172,0.5156479160899177,0.07115449286688635,-0.0651474618062114,0.1037649053739582,4.085942458443377,0.9354271729511034,1.2695966382561086,1.360977899199686,0.8427063919573411,0.7964099679271945,4.832572256140907,12.656942135559069,16.28729991661936,25.38254191383235,414.0,0.006118713091082874,0.028247215238371648,0.2891566265060241,0.21686746987951805,0.25301204819277107,0.16853748956520823,0.18184485005796122,0.4777459329673304,118.57142857142858,6.999999999999999
13,1502202101a.xlsx,right,7,0.16549841915310365,0.025375787373174842,1.26005674352473,0.04186885972499496,0.19524217165830024,0.02006499044449432,41.0,10.279429296739517,51.857142857142854,6.414269805898186,-0.6247203679776346,0.10320167107491088,0.5786892245996589,0.11447581073479947,-0.11577572167959525,0.08704768591846873,5.011692884530725,1.221482349146129,0.8391627547873328,0.20719628140403698,0.5084224763170307,0.1275400247675629,0.21853543809349793,0.16317538577327897,8.076539172047232,3.8830382985053946,414.0,0.005863370453795038,0.029900925118107595,0.2891566265060241,0.21686746987951805,0.25301204819277107,0.17560021531435333,0.19992070559808006,0.5004061916983321,118.57142857142858,6.999999999999999
14,1502202101b.xlsx,left,7,0.16560361960634878,0.11276325739327422,1.2952704857214636,0.0542170773760859,0.11926773570882557,0.03970761156623131,44.0,7.234178138070236,48.142857142857146,6.593647736738023,-0.7443137118670998,0.11899968867933054,0.5067139732583678,0.079084123223635,-0.1626351605081103,0.0999678545899398,5.756904387982779,1.553594508667199,0.7774412176179403,0.11056479725120778,0.537579553175599,0.2649107699103771,-0.15198186890575927,0.4517732929180158,6.6764253227759225,6.307288586038055,366.0,0.0053254073564340965,0.03195692163053768,0.32697547683923706,0.2452316076294278,0.28610354223433243,0.16648532603935204,0.16880244730987745,0.5368550532628016,104.85714285714286,7.0
15,1502202101b.xlsx,right,7,0.18841603483218425,0.040850537193407685,1.3368379841876508,0.032404945199029526,0.1746130056318424,0.02618689242274837,41.142857142857146,6.148944934663491,48.57142857142857,7.568732673685489,-0.7319498139719248,0.11869839323188819,0.7058710724564632,0.14548777824090786,-0.011354607546919073,0.1353098620626303,9.95585266918473,2.7426916724350994,0.8469430863529911,0.12186845746118602,0.6237763682595899,0.2788005597408872,0.006846986386508666,0.8648814129562685,8.125467022274913,6.511737124392864,366.0,0.006167836238827727,0.03283909569161091,0.32697547683923706,0.2452316076294278,0.28610354223433243,0.16649843581327797,0.18460533596570067,0.5492173425978344,104.85714285714286,7.0
16,1502202102a.xlsx,left,7,0.22947492089187865,0.0486057512400482,1.1919758932379743,0.02740678389589772,0.20222865399515857,0.007504100654785003,24.0,5.887840577551898,52.142857142857146,6.491753010001008,-0.5752116071323627,0.07111358435955394,0.7238147192879151,0.07400728991875445,-0.20568001931061825,0.10235391197885285,4.780450213288754,0.7149070690867947,1.2913185467400579,0.4403634503861076,1.2710521034933406,0.5542563365821241,-0.8121269502297076,1.394138338919403,16.096793765318054,14.620756744128627,423.0,0.004693536803675924,0.029596519307236054,1.236749116607774,0.7420494699646644,0.24734982332155478,0.047634926997177716,0.13563328223699717,0.5812592624091155,121.28571428571428,7.000000000000001
17,1502202102a.xlsx,right,7,0.16323289570639626,0.0369721632703198,1.1672279340453608,0.02525496135190117,0.16093869424509027,0.030606711363220584,21.285714285714285,9.569296137722386,58.714285714285715,15.074418570482088,-0.5377067997690782,0.12382917108603202,0.7571258972712819,0.053828908129522283,-0.15097120022452068,0.16959645186464223,4.9893542575952665,0.7632737924834455,1.915438227745872,1.5663535013768828,2.0326463716794545,0.8877222292267304,5.244935573725468,21.684924887366336,35.87510932883484,26.848481343285357,423.0,0.005710713821690733,0.031158211068794416,1.236749116607774,0.7420494699646644,0.24734982332155478,0.055750457651584644,0.14820926833179826,0.6110334576553981,121.28571428571428,7.000000000000001
18,1502202102b.xlsx,left,7,0.21294516472810085,0.07364484887785905,1.1908466695646764,0.016628071940239318,0.18507326459925524,0.016231584384717085,27.0,5.887840577551898,50.857142857142854,9.299257522845062,-0.609651458810258,0.14292112121781705,0.6944321323468646,0.08443339191705151,-0.33437169654568016,0.5456808003278114,4.669947795903825,0.595104107031136,1.1336327129274248,0.2591335516302147,1.1673387565504545,0.24578805459896366,-0.662008386680432,0.8561736563390386,16.170940616108645,7.651419001425601,276.0,0.00595045428155659,0.029317326845976658,1.135135135135135,0.7567567567567568,0.3783783783783784,0.06537988824914544,0.20514205982894868,0.43052304383786266,79.28571428571428,7.000000000000001
19,1502202102b.xlsx,right,7,0.15811050605694793,0.06546760494793946,1.1615846888695025,0.023440535252840705,0.17018607167348154,0.024552498332212742,23.285714285714285,2.927700218845599,51.714285714285715,4.231401884099631,-0.5752700712593548,0.05204650544227372,0.7151655599055066,0.08985592686732055,-0.26006061300626654,0.19862009388407828,4.47483848594982,0.7179570503736029,1.3090663054820368,0.17088076668815522,1.7941842498598544,0.512128577476591,-1.1886211369091737,1.338141694436512,30.92683774687797,15.173646078536835,276.0,0.006874963006652641,0.03053304408820239,1.135135135135135,0.7567567567567568,0.3783783783783784,0.06671993282509221,0.2192316659970841,0.44283339771397356,79.28571428571428,7.000000000000001
20,1502202103a.xlsx,left,6,0.20471311521145638,0.013105691484550338,0.9516114019926508,0.016247084280021813,0.20102287710819702,0.0076262108658501195,32.0,7.402702209328699,55.5,6.892024376045111,-0.4090849415549867,0.05573559823260165,0.41198284832448273,0.055992347419861734,-0.20679548966656222,0.1032362661777486,3.265446397849491,0.5986610550962872,0.7323841022047622,0.1751533085392418,0.43904011077984784,0.07405302266743236,-0.11068831663582862,0.09948032836964191,5.210821375899487,1.652083613776642,426.0,0.002813554922020731,0.020993150427336203,0.21052631578947367,0.7368421052631579,0.24561403508771928,0.061445081278010225,0.06490479100379182,0.4128462936029086,122.14285714285715,6.999999999999999
21,1502202103a.xlsx,right,6,0.12393438092882786,0.010918175994082024,1.1962098556540106,0.02562878452978989,0.129405513362528,0.012974573402452465,24.5,5.75325994545701,63.333333333333336,3.4448028487370173,-0.5053517007573407,0.03695956173526068,0.6914440251921709,0.06479143589016732,-0.10569560213510494,0.15555803517849212,5.5654520646526136,0.7568692692082368,1.3541849723230908,0.26829606190067895,0.5858433033513136,0.04778046920396652,0.8756330912059062,1.1906046491616544,10.761782284566657,2.9844949316501603,426.0,0.004181832776825178,0.031906995159548014,0.21052631578947367,0.7368421052631579,0.24561403508771928,0.09704427831467946,0.10413660419379356,0.6278226626062345,122.14285714285715,6.999999999999999
22,1502202104b.xlsx,left,12,0.27109129468365556,0.15324136142104228,1.3407300875756205,0.06931299725250809,0.23730781040979643,0.0180278657765053,46.166666666666664,10.735102432786762,59.833333333333336,17.039170558842745,-0.5962472885495984,0.18590957198425062,0.4850518538705402,0.056802065347073584,-0.06249834499304888,0.08563591942741897,4.489715732140055,0.8275339939184888,0.7105393191249824,0.152534480573529,0.40874147400474686,0.10328110071302563,-0.009234045039118626,0.1322550574501998,5.450912301456008,1.5323484300121102,694.0,0.004269344404511547,0.022506327869714817,0.34507548526240117,0.2588066139468009,0.2372393961179008,0.13192766734948236,0.23214806653790954,0.428174290605801,126.45454545454545,11.0
23,1502202104b.xlsx,right,12,0.2976064514034524,0.15673829995452906,1.3462277274112948,0.08107273500529567,0.25682483824830266,0.03311966871193941,39.5,10.067950951590715,56.666666666666664,18.81166627066268,-0.6361063916681476,0.21790745130697467,0.5671715335410804,0.08141197035537293,-0.07366929687490796,0.2892811422349915,6.796042538728973,1.5140565505905916,0.8188797530406187,0.2160567264865605,0.5143780114327354,0.126094194881483,0.19263387480971925,0.3519446171153852,7.048389548554194,2.133514208615084,694.0,0.004549710253818646,0.022781689386994337,0.34507548526240117,0.2588066139468009,0.2372393961179008,0.13255716260609335,0.23742991886010903,0.432770484097601,126.45454545454545,11.0
24,1502202106b.xlsx,left,6,0.18412639446531223,0.01318852585324657,1.0659570181698228,0.037462358011300725,0.1889585871967386,0.010222967373761308,27.166666666666668,9.282600210429546,27.333333333333332,3.204163957519444,-0.9692272257975064,0.10889852009396019,1.0098019068647168,0.1908210235422509,-0.19833361917269884,0.46545258411209467,9.187418921103934,1.753369202235136,1.071539213079058,0.3532033084430193,1.0160153092073119,0.2122954996179736,-0.2192350320770083,0.29972991704139096,10.799904914949659,3.4947745624973745,217.0,0.011140327216816534,0.03217377111076029,0.6178489702517163,0.41189931350114417,0.5491990846681922,0.170847469488825,0.17817747624486863,0.2310284159885878,54.625,8.0
25,1502202106b.xlsx,right,6,0.16849364060746896,0.013945975485568992,1.0401261753468616,0.057458171818388325,0.17277411494420591,0.010346859939387588,21.5,8.848728722251575,32.166666666666664,7.884584115009914,-0.8454875129576318,0.1942383052003527,1.0829079839932085,0.19475107532876135,-0.19286467323030934,0.15453309801227888,9.926745749694623,2.080960966246759,1.3422782438357554,0.385418409818393,1.0228261960668117,0.21838149628001333,-0.19279429976915183,0.4651948012948493,12.671527254669568,3.646953532225243,217.0,0.011576305500110996,0.03273292408528485,0.6178489702517163,0.41189931350114417,0.5491990846681922,0.1725036321784874,0.17948723774933242,0.23210375329245397,54.625,8.0
26,1901202101a.xlsx,left,15,0.04815647307281916,0.24053083433065564,0.9314764550046273,0.301964457622955,0.08779967263236445,0.22466522975145714,14.4,10.85488698368488,17.8,15.414279094398157,-3.0768996836912876,3.2097110324037543,2.2675196525928887,1.6804392370048977,-23.387031616785883,33.08893168488862,50.58376073316321,45.63705049298574,2.897924632336509,2.443566782815742,1.575866762965876,1.3202461862437613,15.920183677968055,22.100588353462264,39.248342952243085,34.207953812939735,327.0,0.011569951916259582,0.022322824345373735,0.4115853658536585,0.5487804878048781,0.27439024390243905,0.1274934590582518,0.12845598691916332,0.20937238076823467,109.33333333333333,6.0
27,1901202101a.xlsx,right,7,0.17566439887930643,0.05326466827576421,1.179161826733224,0.18170879216730232,0.23236511296091053,0.1524667015400218,30.714285714285715,11.101265479128731,40.0,9.146948489341495,-0.7230779558562122,0.28236131653147634,1.021617549225619,0.4301974335265494,-0.47207721912921424,0.7360563089605822,15.392287121075494,6.98110041833121,1.0361830071660645,0.2119639055292379,0.7335832321421816,0.1056213326220574,-0.5050981963748322,2.0398205401352723,11.81483532174471,3.3726735457387194,327.0,0.0077981943649651055,0.03265019847681242,0.4115853658536585,0.3201219512195122,0.27439024390243905,0.15596941152344396,0.15863659690723242,0.4875309124430828,109.33333333333333,6.0
28,1901202101b.xlsx,left,16,0.04288816849001277,0.24184316908139641,1.017727856951404,0.2184725532042864,0.010893877044961881,0.2963872924550524,13.1875,11.291405286027658,17.3125,12.30565588120628,-3.1934517789637784,3.239271665353733,2.9855237130523755,2.353740442240241,-24.58524414294658,32.07407230712402,71.79589231782411,64.60822820307948,3.841016682923372,3.0405567938595586,2.194137056513944,1.9322911246232382,30.2157675181278,37.37621775135951,51.31609522269642,49.05513277250245,404.0,0.01324569662861386,0.023251250803638067,0.11097410604192356,0.22194821208384713,0.2589395807644883,0.138545934094714,0.16655286929373184,0.1814680303302576,115.85714285714285,7.000000000000001
29,1901202101b.xlsx,right,9,0.16127740130175935,0.015619383393249482,1.2356928376504277,0.0798737436337294,0.16665339143451927,0.014387110186473465,34.111111111111114,10.728984626287387,37.0,12.31868499475492,-0.9625825336544831,0.36572955000036256,0.697185201662599,0.31872329191603105,-0.14939524424740516,0.5460739756201338,12.241594370466785,7.109287572677407,1.0129765992544377,0.2881963397616737,0.7177811511748746,0.26978495611907477,0.3172093453375106,0.7664663831687575,12.651982561578862,6.779363942449961,404.0,0.007767560056418797,0.026324335636099414,0.2589395807644883,0.22194821208384713,0.44389642416769426,0.19882065941508953,0.2033123487606116,0.2240235191513304,67.58333333333333,12.0
30,1901202101b.xlsx2,left,18,0.0013172020748156586,0.2689962858216625,1.22408281294129,0.18806942203698515,0.0455727634868662,0.29451373644173456,11.222222222222221,8.01142974355687,17.77777777777778,16.80880565990393,-4.044801805984813,3.3277318867011556,3.487866543538564,2.2964880321657626,-34.33959298627243,44.09724065534217,72.08449283339675,54.25249355945917,5.020652106401318,3.407592149244209,2.9463477639906985,1.993247635526511,15.664797140267467,35.11466333198643,86.90455358124053,62.25436727640402,490.0,0.01250362264968524,0.026524667972388928,0.4883011190233978,0.2746693794506613,0.2441505595116989,0.11951562145361837,0.2644259054916647,0.2728450707430822,122.875,8.0
31,1901202101b.xlsx2,right,8,0.15748959677414182,0.029590644819836615,1.3044748371090584,0.03603117335785659,0.1587094002331615,0.014341215217989723,41.125,7.5486517244566835,45.125,10.602391913418137,-0.7980597306605509,0.20327351801801122,0.5835457288076765,0.18153831852368305,-0.33580011137479304,0.17874232111665064,6.369567770863304,3.7709077265582023,0.8601760690399742,0.1662207737019435,0.5985937757059614,0.06569920416540112,-0.13854866161272986,0.40042147458136657,8.475097723475272,1.9102976707460801,490.0,0.005510222111086536,0.028818334281620662,0.21363173957273654,0.2746693794506613,0.2441505595116989,0.17991570201245413,0.2844211997128402,0.49311386928070366,122.875,8.0
32,2001202101a.xlsx,left,4,0.22161532989158753,0.054414269510879534,1.1140269606630662,0.406305616239274,0.25440552149800594,0.10125321952083483,33.25,17.017148213885115,30.75,16.859715300087366,-0.7762578011638386,0.37765316058128595,0.4988516969911837,0.19638247148987828,-0.391084754994183,0.36601795289199385,4.485633785716308,0.7745473468362079,0.8202500370819412,0.252908262727486,0.5793131256606855,0.21643700353608913,-0.5446813494909623,0.9195221118774155,4.6290747771433844,0.8532532924124641,370.0,0.005267153686048054,0.02901634339943997,0.28263795423956933,0.24226110363391656,0.04037685060565276,0.24282016045762556,0.3131956599604647,0.3188760108940843,742.9999999999999,1.0000000000000002
33,2001202101a.xlsx,right,4,0.17746941542984154,0.07656406262829107,1.0288245784327714,0.37111965741463043,0.13372240794443013,0.0090069008266086,29.25,7.5,46.25,10.436314802968846,-0.56913356775466,0.2257675496673982,0.55371875846715,0.1778795182147904,-0.13952280740892795,0.1998003127904757,4.149348553128604,1.012012068028894,0.8367842345621554,0.18956182739568334,0.5217168299352177,0.14311123241859436,-0.2994025613243443,0.7755101876828175,4.58135918865316,0.5537605771271676,370.0,0.005073691906330316,0.028324867808166575,0.28263795423956933,0.04037685060565276,0.24226110363391656,0.23663879665172738,0.3109201542762355,0.31185682571453305,123.83333333333333,6.0
34,2001202101a.xlsx2,left,7,0.22474237473357128,0.06361387616351781,1.2890105357601864,0.04897565130836044,0.20316823639586226,0.01671388032168543,43.142857142857146,9.35287070776617,36.285714285714285,9.428932172031034,-0.9467736093688791,0.2296142624906354,0.6443502512160288,0.08125308685423312,-0.17337283603361767,0.13944231691589468,4.61956982624199,0.9085914884238161,0.7676351170315721,0.15293301487689562,0.6383773337748949,0.041732661694001416,-0.21299873152347074,0.5417345132892237,5.073988061052796,1.287029535680448,426.0,0.004396296340089497,0.03118807592604322,0.7368421052631579,0.49122807017543857,0.24561403508771928,0.09190755025133342,0.10280796082706718,0.6201706644569533,122.14285714285715,6.999999999999999
35,2001202101a.xlsx2,right,7,0.142594845450597,0.03467539399501753,1.2333281084440095,0.04306043409055863,0.12722185904187872,0.006961711265729248,38.857142857142854,9.352870707766172,43.142857142857146,9.873003113348567,-0.8060826485662006,0.19742944558016973,0.63698533464686,0.1140780953991176,-0.12680360415045253,0.09831984743789356,4.549387211522124,0.7550110482783466,0.881678947295409,0.20456439977989618,0.6251360584370463,0.08093860952709317,-0.152068399435052,0.5593645242835202,5.3340077633718606,0.598674794530901,426.0,0.004522592516621903,0.0318218928482023,0.7368421052631579,0.49122807017543857,0.24561403508771928,0.09286221289743755,0.09552435876681951,0.6360016025996467,122.14285714285715,6.999999999999999
36,2001202102a.xlsx,left,7,0.18056268963105637,0.011090360211612641,1.3410360725431858,0.017721644422484622,0.18350520333160317,0.008144706344657754,31.857142857142858,3.338091841585121,73.71428571428571,9.268482179125227,-0.4771668908778108,0.0629247692843533,0.4723648081857598,0.027514264560600767,-0.050267660029195506,0.06706086807077988,3.390870879887902,1.0198539801812727,1.1039136526728297,0.12773421018941297,0.7480816344465419,0.08789752374982758,-0.0684935562355695,0.10182230666919923,8.483105346949387,1.3871380586202924,579.0,0.004773451331325595,0.028034192432198835,0.025839793281653745,0.25839793281653745,0.23255813953488372,0.27187546744459035,0.34730492940156127,0.41221344202737825,129.0,9.0
37,2001202102a.xlsx,right,7,0.15003235531008358,0.004183245645078366,1.298332906315387,0.015877913993573457,0.15037345189766965,0.007002233251589541,31.857142857142858,2.7342623276105904,66.28571428571429,5.250850271282604,-0.5212291779058472,0.0425965868270076,0.49967543696987526,0.04843543743021385,-0.08369099674489511,0.05194710604301479,3.232549240761518,0.423265337344466,1.0872895645593652,0.0905789028727563,0.7327648767304545,0.10665317364171577,-0.16681283887946607,0.17915732222139538,7.788386878612479,0.7967908906649429,579.0,0.00492643914820587,0.02801260789902174,0.025839793281653745,0.25839793281653745,0.23255813953488372,0.2746228466805123,0.343420725060804,0.41160738652547546,129.0,9.0
38,2112202001a.xlsx,left,7,0.2106072887101335,0.007918999174611346,1.2555925415305087,0.05815103277296735,0.2002582789726752,0.014484075523315126,32.0,5.033222956847166,52.714285714285715,6.77530529974568,-0.6048786407074724,0.0642074343894723,0.557211954586861,0.040557441186062325,-0.20960462802146748,0.10307643745633288,3.485919973288123,0.38331090248385224,1.0028001101907604,0.18450248157848856,0.608383799441216,0.12341795068103348,-0.06850845833466518,0.20928510922720617,7.010927140273208,2.060718226046608,444.0,0.005442900405422753,0.029205843628585863,0.3033707865168539,0.2696629213483146,0.23595505617977527,0.1128390848331257,0.1574995933045614,0.5486608821148402,127.14285714285715,6.999999999999999
39,2112202001a.xlsx,right,7,0.1550649421280561,0.009296735695726982,1.2178424189498818,0.02512665786445707,0.16494144313249776,0.008301930349558716,38.285714285714285,7.158079018709925,47.285714285714285,8.118174789000413,-0.6838786014854967,0.11891706934902654,0.5054963567997163,0.07147872022911556,-0.1571347367982103,0.12063258521633623,3.376037594469875,0.5037114836413124,0.8557981407147525,0.15558567500772438,0.5590182869166364,0.10713876915899377,-0.09389126024763272,0.19407387926089753,6.044213732913977,1.5988765479979812,444.0,0.005166317164936357,0.02870860611112784,0.3033707865168539,0.2696629213483146,0.23595505617977527,0.10367565763090117,0.15129486312717644,0.5424436734144928,127.14285714285715,6.999999999999999
40,2112202001b.xlsx,left,10,0.18968044229425207,0.09300514351342536,1.1437427516396035,0.323513382863735,0.23400953972486196,0.058579565572672125,33.4,17.633301827319052,47.3,11.12604551891142,-0.5705381804004859,0.21127113818603316,0.5324069095238693,0.25304075756662964,-0.3506457451253829,0.9050269655889785,5.561387702841054,7.51415027524076,1.3561978373610601,1.9965042111581293,0.8204545072230264,0.9813409574250357,7.1282652838754785,22.626169817951705,13.705931452115967,25.592976060515753,717.0,0.004228072408362075,0.02200036526259708,0.020876826722338204,0.22964509394572025,0.25052192066805845,0.23788878448691048,0.28228462905004387,0.3655730353427953,119.75,12.0
41,2112202001b.xlsx,right,8,0.1423872320540996,0.01812059874665842,1.2103554613147802,0.041346536220819914,0.15035997626266986,0.016902941619677054,46.625,7.8182478855559445,46.0,8.502100580780862,-0.7130851827851404,0.15521539617740662,0.42820627679741424,0.08492211738743638,-0.20391444599877195,0.1422709964658983,3.55960688985391,0.5352809995516534,0.7025786574469395,0.11201963311436913,0.4145541254105613,0.1557263617048182,-0.10564580951817945,0.1458147307309722,4.958254746687893,1.2971528371352565,717.0,0.0032801475659796284,0.021876757909128443,0.020876826722338204,0.22964509394572025,0.25052192066805845,0.2507805440475864,0.28876016049400155,0.3492690583024902,119.75,12.0
42,2112202001b.xlsx2,left,10,0.26144225847563807,0.11070428472850213,1.2534740265795246,0.045841966109698,0.21366186922761665,0.010493719442790048,33.7,8.273787255879594,54.4,19.31723467672212,-0.6713392498179761,0.3573063137619829,0.6306229465153007,0.17174085477896328,-0.19065283314216133,0.15647576784487546,4.824985665620865,3.223000069577724,0.9084555505834887,0.15560753397604418,0.5813232094769736,0.27126478907268803,-0.14974239852673693,0.44965943433658234,6.68320413853472,2.4644113647922827,604.0,0.004509761190025506,0.024709472209933796,0.1981833195706028,0.22295623451692817,0.24772914946325353,0.15311924259832452,0.23514256796824087,0.47252363727344615,121.1,10.0
43,2112202001b.xlsx2,right,10,0.1850075693701071,0.1291886917393972,1.180594859581232,0.03312681047987601,0.14312095936863528,0.012267188896145203,41.4,10.72069649478677,49.5,21.05152409367708,-0.7617778583783024,0.4376754765096345,0.5452929941229441,0.18067203590498368,-0.4080263739996064,0.7584164383399934,4.235713875313362,3.3202859028887697,0.7535779654782259,0.16458145902125007,0.4932148284800494,0.24718727375029284,-0.3932915880384745,0.9928505210795407,5.431199781595076,1.8678025652026666,604.0,0.0041414526372647725,0.02396809709088871,0.1981833195706028,0.22295623451692817,0.24772914946325353,0.15287760775178982,0.2255886691808792,0.4576814462460871,121.1,10.0
44,2112202002a.xlsx,left,7,0.1360812297304882,0.022584733197565144,1.212596205878137,0.052976056564688914,0.14575366956104188,0.01238410220154759,35.0,6.324555320336756,51.0,9.46924847422786,-0.6517578949147449,0.15997011806992537,0.66314506741569,0.1062275399633516,-0.08191182170267963,0.08667264215885415,4.252265450569218,1.0559623349279728,0.9434658877028053,0.14863954418976705,0.7543032916487041,0.16840720666000716,0.06371904109260088,0.1809573751144472,7.089063789560387,2.1329117936386037,434.0,0.005422194216389357,0.030444356091891646,0.4822043628013778,0.2755453501722159,0.2411021814006889,0.09157938754055804,0.12539768072516574,0.5910864774988757,124.42857142857142,7.000000000000001
45,2112202002a.xlsx,right,7,0.14908592460006023,0.009652695725832088,1.1457572670252478,0.03830018435544696,0.16841985607128435,0.014218707476959113,37.42857142857143,6.078847008469693,56.714285714285715,7.409774753982871,-0.5236296596090979,0.06916753549895738,0.5226528546620467,0.0772560899848545,-0.07268272877557977,0.07351980020303008,3.3108605647211795,0.571315664524356,0.8173578567133709,0.1441762701480535,0.6906171433131727,0.12012570572411989,-0.0026958300871647925,0.13807754786911502,5.8951431113032005,1.6288784100061011,434.0,0.004693897025546899,0.02789781760291063,0.20665901262916192,0.2755453501722159,0.2411021814006889,0.07760105035669654,0.10737908885107607,0.5498786047016136,124.42857142857142,7.000000000000001
46,2112202002b.xlsx,left,7,0.15348719152975362,0.007703532645791082,1.16811513521043,0.03038654315811042,0.14689278201964653,0.008211867644730206,38.714285714285715,13.816828938101605,53.714285714285715,6.824326235712105,-0.5778607424483461,0.07427460432531492,0.6042371000642127,0.05542494200337459,-0.02068459923864095,0.023268903047251408,3.6232899884343355,0.425397952619471,0.8427480527475931,0.19278267683504274,0.6042976517455012,0.13181913214837537,0.04674228421704015,0.060598763397159305,5.827017620500456,2.061838558511515,473.0,0.0051780137529097315,0.02712898950420775,0.189873417721519,0.22151898734177217,0.25316455696202533,0.1507013110546867,0.2507380578608968,0.4549030829833754,118.49999999999999,8.000000000000002
47,2112202002b.xlsx,right,7,0.16607336652303292,0.006472219274747857,1.1462621549157412,0.034598464141001685,0.1784882681783459,0.012352368911085735,40.857142857142854,6.06708528121402,42.285714285714285,10.499433091271893,-0.7199422105043437,0.16971968022238623,0.49578086273169447,0.050154840623248494,-0.18017100901417837,0.15020053659954025,3.42714492627958,0.6194046473797418,0.7316028129666415,0.09888691277997445,0.5333521087731403,0.12047885107753427,-0.0766389916857072,0.13041953732646513,4.955713650663055,1.1978990348382432,473.0,0.004904491682158061,0.02576673960749823,0.189873417721519,0.22151898734177217,0.25316455696202533,0.141094715076394,0.24470835034345856,0.4331097614939545,118.49999999999999,8.000000000000002
48,2112202003a.xlsx,left,7,0.14173026718433077,0.05084071341928568,1.146206103518162,0.03238236581568823,0.148465846463999,0.04832958291425176,30.428571428571427,7.8921298953903625,60.42857142857143,6.10620293518929,-0.49369943153218243,0.034308855247441324,0.5942049757727881,0.05011777028037112,-0.28754284449450745,0.12475031308222277,4.611848915238293,0.40722910262732837,1.042967280592062,0.25230213277565083,0.6284015603738026,0.15914112961816584,-0.429872459288701,1.0733503628574803,7.7889819240483975,4.830311095953359,408.0,0.005441498345538341,0.029252061684786196,0.293398533007335,0.22004889975550124,0.2567237163814181,0.1305912683110225,0.27423173996712447,0.46994989213175786,116.85714285714285,7.000000000000001
49,2112202003a.xlsx,right,7,0.18088963374751085,0.025389837853725106,1.1796227075509507,0.031808243613730046,0.1765937791022811,0.012079918259225032,32.714285714285715,7.087883692477977,50.714285714285715,7.111359122659223,-0.5992979347632001,0.08575159750775832,0.6220794792067491,0.038120002292738174,-0.3764746055236268,0.20099327802114175,3.259573816066523,0.43441087116162197,0.9451142635561186,0.1666087192482144,0.6786692302230121,0.15092161759044034,-0.41388632056823405,0.7129835140747386,7.7465545752584175,3.642708879647687,408.0,0.005497157356442378,0.02929875078393156,0.293398533007335,0.22004889975550124,0.2567237163814181,0.13034247370933616,0.2754446876606034,0.4697833608296733,116.85714285714285,7.000000000000001
50,2112202003b.xlsx,left,7,0.19328465402083034,0.013931762634431272,1.1444603119041863,0.04982468838612935,0.1888718155764116,0.018109507524288977,31.571428571428573,3.5523298860110972,54.57142857142857,8.141603913585717,-0.5327589456662045,0.06948479149273207,0.6081518071835428,0.07383866434748962,-0.11180335750448256,0.12139955541285302,4.176288373387843,0.6536382710546778,0.9144906729033879,0.12998848767126103,0.7176680638864938,0.2661752442472721,-0.04232817267741207,0.3225893177895467,9.673847586935125,5.758703918910059,438.0,0.0039780624040867615,0.02728287489635891,0.27303754266211605,0.7167235494880546,0.23890784982935154,0.05581779470265865,0.10712221951716085,0.5518961879878651,125.57142857142857,7.0
51,2112202003b.xlsx,right,7,0.14317978599169429,0.007949027509054511,1.1453561881232555,0.022508988210141228,0.1663790799245706,0.006926973672432372,38.42857142857143,10.014275524755362,45.0,9.146948489341495,-0.6719734711419889,0.13142245848855838,0.6563235313352103,0.09787841258175964,-0.2973514737090265,0.18303694886874608,3.5426834922817596,0.9162996877081429,0.8309655999232614,0.22370697725133665,0.7374758604456966,0.19772418327007021,-0.15427685999989055,0.1835384150521346,8.447906836437662,5.663592603787525,438.0,0.0041435525482594075,0.02866242843139361,0.20477815699658702,0.7167235494880546,0.23890784982935154,0.05686943748911114,0.10991016513283557,0.5812018427591777,125.57142857142857,7.0
52,2112202004b.xlsx,left,2,0.13663540637946367,0.07158229468377263,0.2677680798807093,0.03436209093179168,0.19782480838758454,0.011922928183442863,16.5,3.5355339059327378,30.5,20.506096654409877,-0.0652629788883136,0.00426786203076497,0.11822353992874697,0.07531435359746654,-0.11286736360104659,0.17793828485264065,1.8392678867810592,0.6732452627154755,0.26212385747937395,0.2469165286600737,0.17190465225787863,0.1577687467899866,-0.09504635374170106,0.20684368369855763,2.951077900083429,2.444145029624948,91.0,0.011081106494955474,0.020802403645498988,0.6521739130434783,0.16304347826086957,0.32608695652173914,0.07623814883367754,0.09541997525699876,0.1138817652831677,92.0,2.0
53,2112202004b.xlsx,right,3,0.14945364001369835,0.02268095494360952,0.22667862469088904,0.024008662371355224,0.11507141161212593,0.06611530339605436,8.666666666666666,3.785938897200183,15.0,6.082762530298219,-0.28694340907357113,0.26583054794137284,0.2338651423608914,0.21307197933680797,-1.5237029641938558,1.949450890500638,3.685908622903629,3.3577760523737514,0.27999113523584673,0.0772180137051887,0.15137628025408564,0.026124257942147504,0.6225050651381007,0.3806552853582274,3.612837411889148,0.586243025434462,91.0,0.010496037583622046,0.014097858265081387,0.32608695652173914,0.6521739130434783,0.9782608695652174,0.056182233319745305,0.06564520129052434,0.06580819157500511,30.666666666666668,6.0
54,2112202005b.xlsx,left,6,0.2362606465846425,0.2550013758449518,1.1742742353409545,0.02731611249912924,0.19443460144534921,0.19262473866902768,15.166666666666666,5.419102016632153,19.833333333333332,7.1670542530852,-1.4969591692057207,0.27740837809370905,1.1913257780206556,0.5880254245743449,-6.266342879061976,7.757192155698258,15.654019166101003,10.24167717084997,1.9115777663314109,0.37703782039212635,1.4114031544012378,0.5187711805607312,0.6992381998117573,5.143238019259991,30.529825149166296,14.74611211307026,128.0,0.017798087981975293,0.04526439495995189,0.9302325581395349,0.813953488372093,0.6976744186046512,0.20951055102701158,0.26742733372897703,0.3077924367485912,43.0,6.0
55,2112202005b.xlsx,right,7,0.2313031725469479,0.2836213405698011,1.1437660859359033,0.02400511019350577,0.13960150800572219,0.22527616397574335,15.714285714285714,4.270608298368657,18.857142857142858,3.2366943748507486,-1.549969124449482,0.21659395949640656,0.5888955133675504,0.09291591278119761,-1.859672205893735,1.4438902556060706,7.7514864504473495,1.8940525452064383,1.7267175272831514,0.2777279102518618,1.1103309882101102,0.43363162051798665,-2.029382865025114,2.903729036965551,19.790632164354843,11.518266252382448,128.0,0.01672908118638102,0.045350870111926164,0.9302325581395349,0.813953488372093,0.6976744186046512,0.19586659966578523,0.25527407848430017,0.3152137458241526,43.0,6.0
56,2112202005b.xlsx2,left,6,0.15033999385220656,0.10597813322898435,1.1667828710601036,0.05352138914602172,0.16436594054491746,0.1611078096251307,19.0,5.761944116355173,21.833333333333332,10.457851914550456,-1.5574416428178726,0.5880289598004371,1.296787655590643,0.8933390389274779,-6.634262727903611,10.184772862403948,19.285384026374384,12.730595949169794,1.700709179559128,0.45320778446244786,1.39334314502234,0.48679363318018604,-1.2827816981377531,3.139105746320012,26.660896795293983,12.441809633286537,163.0,0.015847720301529585,0.04335339001835452,0.8206686930091185,0.45592705167173253,0.6382978723404256,0.15754335671537764,0.29860850334346384,0.38585398769150653,47.0,7.0
57,2112202005b.xlsx2,right,6,0.11044289690463704,0.17165599664543302,1.1338316412916716,0.03731494415006542,0.10941731188896715,0.1752928744398095,18.333333333333332,1.6329931618554516,24.166666666666668,7.782458908768273,-1.3391410256905478,0.3510808344085804,0.9133173718307265,0.26747523265928913,-2.262049308817746,3.352676542021565,11.215989467639703,7.247360071842708,1.675384363379117,0.35074895443817083,0.9713375411694397,0.5592432944039314,-0.03368520201628002,1.0789596751413129,16.939471376389125,8.85947766644629,163.0,0.015122256966405312,0.044446206023813814,0.8206686930091185,0.45592705167173253,0.6382978723404256,0.17619091363945882,0.32182198764016434,0.38865293805177586,47.0,7.0
58,902202101a.xlsx,left,7,0.1866231511112068,0.11759521918631897,1.142989296586659,0.029851199910786223,0.10337147636407776,0.06175179812557138,32.57142857142857,7.4129873163510105,66.28571428571429,7.931252228038264,-0.47297983654781606,0.07537836213650427,0.4918104988905722,0.09025137039602756,-0.3142841554477626,0.19124459905133948,3.6064177948978866,0.4576852671434591,0.8978165150110893,0.10793564778942391,0.6505899320394003,0.25741427133403744,-0.30554500680608915,0.6609392421992359,6.806087387548225,4.583033104831261,419.0,0.005330793997835919,0.028105648260518395,0.17857142857142855,0.21428571428571427,0.25,0.12784694653289624,0.1327838507134899,0.5007313110442393,120.0,7.0
59,902202101a.xlsx,right,7,0.18089191022679024,0.10771216842921047,1.2130907065205776,0.028700848183996323,0.14248254818925687,0.006193422489543295,30.142857142857142,5.490251100164467,67.71428571428571,7.364651739090942,-0.4773257512608749,0.04302086479352178,0.7249958402196339,0.4085594678310223,-0.07521457280174548,0.08588796341984621,7.540823963835595,7.758217549483158,1.049054802963557,0.17619516122448958,0.7775578370561053,0.2979258407870682,-0.3648278263396457,1.0050414648351005,9.568557267065046,6.526625350091043,419.0,0.006192486525561483,0.030900458058865033,0.17857142857142855,0.21428571428571427,0.25,0.1321444670922382,0.1466914052862932,0.5420115355582593,120.0,7.0
60,902202102b.xlsx,left,8,0.2199250774629876,0.11158742636063891,1.1704422558750434,0.08389128732973808,0.18550424402485555,0.05476819407408069,18.375,9.86968663563916,31.375,16.229932664238454,-1.4260746045883237,1.3938979667493943,1.6024506442755073,1.326874739759801,-2.058345962834091,10.444697764181226,33.201642890317714,26.383036852077886,2.088000127941361,1.7522726408935028,1.3511078125646647,1.2607321495434336,9.918096913935951,23.28163471250117,24.831206116554455,23.533628577343382,358.0,0.009394322740044234,0.02861747947847186,0.20862308762169682,0.29207232267037553,0.3337969401947149,0.2083720769769663,0.23917597537091445,0.2827512834990605,89.875,8.0
61,902202102b.xlsx,right,7,0.13884703716149976,0.009893118319588277,1.1700341487327246,0.13401173994538484,0.14409957325500472,0.008410998392199939,25.0,8.717797887081346,37.285714285714285,10.688222267435087,-0.8607896977252582,0.16054212121739517,1.5077796274513797,0.42009664432743477,0.7765163383853918,0.7890474021843537,37.346246189231415,15.736957145648006,1.293815787262203,0.2840803014637932,0.6531824157104811,0.1647571330270358,1.4719589612789892,1.410866238521249,8.78375497220986,2.4883835591392396,358.0,0.008327715786887964,0.028857424380422495,0.29207232267037553,0.20862308762169682,0.3337969401947149,0.22083170870214888,0.22328658418136943,0.2879036895317386,89.875,8.0
62,902202103a.xlsx,left,7,0.10597275405972487,0.06872361402675084,1.1613882661313173,0.02392555313070664,0.12729164284412445,0.02028915669938912,40.714285714285715,6.473388749701496,55.285714285714285,11.95427797504985,-0.5822446254452628,0.12646531918774342,0.48311632455520487,0.05927494779881845,-0.11238027365481666,0.13117516246618177,3.9486245907427278,0.6933995584723042,0.7881390855506504,0.10095153648888662,0.5132244194049119,0.06237719110938554,-0.10525912343217152,0.7240174616396257,4.954765913164253,0.9517605916844762,422.0,0.004078300839806369,0.029322850368910046,0.28368794326241137,0.21276595744680854,0.24822695035460995,0.07134264290963216,0.08381696688508157,0.5838798270162349,120.85714285714285,7.000000000000001
63,902202103a.xlsx,right,7,0.076231328959759,0.0458194444892703,1.2797342573530668,0.00924036338203169,0.06104213076431999,0.011789177637891177,50.285714285714285,7.7182529481372,52.57142857142857,7.8072005835882665,-0.7068204308023701,0.09499597121078446,0.4800017488413523,0.06706592835244723,-0.06286633744884491,0.10393192855560582,4.209494099097954,0.6909796404594492,0.7302683406942412,0.09732030365691681,0.5312144782332385,0.06697126712291421,-0.20450776937202933,0.5609085441134815,4.389955830515469,0.5335110480702681,422.0,0.004453534650628943,0.03246899002475213,0.28368794326241137,0.21276595744680854,0.24822695035460995,0.08372246733650002,0.09333965466690057,0.6487441154353071,120.85714285714285,7.000000000000001
64,902202103b.xlsx,left,7,0.11059238818629405,0.009074093879462383,1.2033786094793573,0.06036904291148086,0.14397792775971796,0.02239430086763179,42.285714285714285,6.575568054403759,50.714285714285715,9.050124966251124,-0.6444244357951453,0.1288908006423453,0.5243915411990118,0.063250468727818,-0.17622800082915702,0.1160166183804184,4.645451663377406,0.9905879956670202,0.7842979765414306,0.09341989108525808,0.5266644613715826,0.03771347898529565,0.2601898592585317,0.21832268424774293,5.076898238062585,0.9175480117090367,460.0,0.005432312749894023,0.028918079481941663,0.2275189599133261,0.19501625135427952,0.2600216684723727,0.19433252006003596,0.19501085601753768,0.5028135823744486,115.37500000000001,7.999999999999999
65,902202103b.xlsx,right,7,0.05040217295866647,0.007839199697312149,1.2909954317478483,0.028286414169796225,0.056505578779269545,0.00867971261210949,47.142857142857146,5.11300861947808,59.42857142857143,5.50324579550235,-0.627347619483676,0.061648243215908186,0.528623111801462,0.03213020604452438,-0.020837140892053223,0.02854444342084362,4.048353675883045,0.7297184485105469,0.7958987851308155,0.07684957474225074,0.5868218234060485,0.055351468699566,0.04172605339717482,0.05547486772517329,4.6661454439644405,0.5952454706898831,460.0,0.005848249248546142,0.03234932374364876,0.2275189599133261,0.19501625135427952,0.2600216684723727,0.21512806790680655,0.22459650753787563,0.5647793831118832,115.37500000000001,7.999999999999999
66,902202104b.xlsx,left,4,0.17074733030357242,0.009831128891718006,1.002906622914142,0.08311472539563022,0.23827948397868043,0.12115255601470314,17.5,6.60807586719967,27.25,29.68024034044648,-2.355982159181547,2.0811960117058406,2.386319323233158,1.2711697962938762,-30.912811873973737,28.952066947280947,49.4240976557854,31.03633536851593,1.4602037006432234,0.37511064553706586,0.7258584430865561,0.22041764536195987,3.388209953060691,4.198471892698503,14.778988733482455,4.517605984995279,239.0,0.01277416183305246,0.03016490859141001,0.3742203742203743,0.3118503118503119,0.18711018711018715,0.17872426909204625,0.2108621966036665,0.23779569354733204,160.33333333333331,3.0000000000000004
67,902202104b.xlsx,right,7,0.1224431194434911,0.0032294058162191334,1.0801597518120425,0.11395010387965014,0.12243758651105784,0.013725724793855401,18.857142857142858,5.3363086938623105,29.714285714285715,19.093753653261285,-1.265753029909213,0.5758900839594101,1.22169924012181,0.38872887782134136,0.5643785579367037,1.703937776348861,22.251172687207504,12.065794501892148,1.5599590947803041,0.28378851882853007,0.6832662900759716,0.18734102795536653,1.1921183112221796,2.089744186683454,12.677829343351709,2.9095597360517322,239.0,0.011743736833718562,0.03484045947980534,0.3742203742203743,0.3118503118503119,0.18711018711018715,0.21533700956270627,0.2375369832942408,0.26933486804059337,160.33333333333331,3.0000000000000004
68,902202105a.xlsx,left,10,0.2388307510080788,0.017805168032923622,1.2625927324272845,0.09988622514343662,0.25870152848606753,0.01402644166587931,29.4,7.167829363048326,46.2,6.844300142778986,-0.6578682870631777,0.09644994560122142,0.6947312105843311,0.08472100894943208,-0.323699858732882,0.1653952477525047,4.842746799918959,0.9777459554276995,1.102666773528791,0.32048690105385613,0.7720784495770288,0.6201276843707482,1.3821566323409706,4.239732415909783,10.085904763616991,10.524092341542678,705.0,0.004221444351382226,0.022989070671864918,0.021231422505307854,0.2335456475583864,0.25477707006369427,0.17507411134539053,0.34978430117606973,0.36251978857235956,117.75,12.0
69,902202105a.xlsx,right,11,0.1846141328544815,0.0438374751712252,1.222671723665477,0.23972668455698007,0.1982596528056961,0.1263865195315141,28.545454545454547,9.180017825294637,44.27272727272727,9.089454429072289,-0.6609728274464628,0.22341642626176786,0.7422529877819405,0.2274086036534123,-0.26063458483635366,0.22260245778632562,5.908998916610606,1.5823794406163072,1.4830226626678014,1.567107934475852,1.1763231171621644,0.7914202944542762,3.5072365703069797,12.01146797956399,21.909278663085278,25.863898850420238,705.0,0.004885525178045547,0.02456252685634473,0.021231422505307854,0.2335456475583864,0.25477707006369427,0.16636279641271215,0.386104940259424,0.4019899806020074,117.75,12.0
70,902202105a.xlsx2,left,11,0.22072786980015732,0.016982334404772034,1.2484717537645253,0.07020135772011363,0.24437366803785493,0.015451661970550853,35.45454545454545,11.254897923692036,45.18181818181818,16.83340834066697,-0.7428396751285914,0.2717383464588411,0.779078990871307,0.11383778487998501,-0.31672167622991604,0.23170364873752575,6.315040806653727,1.320063159162264,0.9410194115851837,0.26714706743006833,0.6630873051694447,0.10910971442297697,0.02147187490695213,0.12609192584492357,6.784083551262706,1.890808914172735,664.0,0.0056391407944831485,0.02337712662172454,0.2706766917293233,0.22556390977443608,0.24812030075187969,0.14833073990509335,0.1945379478042878,0.4535162535811845,120.90909090909092,10.999999999999998
71,902202105a.xlsx2,right,11,0.15212228763154118,0.05753345045829666,1.2584567924250913,0.06950942185419215,0.16049364951263598,0.014220735913935887,25.454545454545453,14.151774703998338,49.63636363636363,16.43333640666269,-0.7116803431752442,0.18641559731198554,0.9480636185454366,0.10189186916903324,-0.2858524684827597,0.18895052831929884,7.455668273224526,1.0686645107628838,2.248609462960554,2.150726382751131,1.6775457871166133,1.2501574528963888,6.652883608966736,17.702627009353655,35.25131906649083,38.91401504167052,664.0,0.006749529471193187,0.025588388398681335,0.2706766917293233,0.22556390977443608,0.24812030075187969,0.15058213984176994,0.19029505863996304,0.5178531846460507,120.90909090909092,10.999999999999998
72,902202106a.xlsx,left,7,0.1433251972406629,0.048058671952753276,1.1014836238406809,0.10800285737660593,0.045887510447895505,0.18330013389985528,39.285714285714285,11.95427797504985,52.714285714285715,21.55391910004834,-1.6936502114653151,3.230455024687868,1.1310945624569209,1.8220305468726206,-10.448056183009356,27.234113135237138,21.770922331894507,50.799893177073734,0.7657084652344818,0.16276574394702767,0.4350602497224361,0.0675412367215987,-0.06080414774145047,0.6495543309637557,3.8843087686362856,1.2466216434725876,398.0,0.007916480695890111,0.02776300747118038,0.15018773466833543,0.22528160200250313,0.262828535669587,0.1670553038742159,0.2225966898866515,0.39191299251744116,114.14285714285712,7.000000000000001
73,902202106a.xlsx,right,7,0.11924109610968063,0.038615465980804106,1.1141718967301297,0.1026849912528676,0.11045261330732759,0.01349263898211176,40.857142857142854,13.813382055438987,54.57142857142857,15.82042079989386,-0.6161440617820005,0.277975175449921,0.6135346716675463,0.12042442815952528,-0.02808439792769388,0.14211188052233206,6.43000221681244,5.156975895353439,0.7813084319774057,0.18307599785961373,0.5142993723128456,0.045402720359024706,-0.12004943420962313,0.5353115662384978,5.44742848408674,0.8275871263865647,398.0,0.00528958935384461,0.029102209932934293,0.30037546933667086,0.22528160200250313,0.262828535669587,0.14880507709810403,0.21748257380709937,0.485305192127548,114.14285714285712,7.000000000000001
