Source,Exercise,Participant,label,hand,rep_count,start_value_mean,start_value_std,peak_value_mean,peak_value_std,end_value_mean,end_value_std,num_frames_up_mean,num_frames_up_std,num_frames_down_mean,num_frames_down_std,vel_mean_down_mean,vel_mean_down_std,vel_sd_down_mean,vel_sd_down_std,acc_mean_down_mean,acc_mean_down_std,acc_sd_down_mean,acc_sd_down_std,vel_mean_up_mean,vel_mean_up_std,vel_sd_up_mean,vel_sd_up_std,acc_mean_up_mean,acc_mean_up_std,acc_sd_up_mean,acc_sd_up_std,freq num,magnitude mean,magnitude sd,DF3_freq,DF2_freq,DF1_freq,DF3_mag,DF2_mag,DF1_mag,CL,cycles num
maya_raw_scaled,raise_arms_horizontally,0812202001a.xlsx,0,left,7,0.173604786,0.018965882,1.136079792,0.016515985,0.184132656,0.004574588,39.42857143,5.380741673,73.57142857,18.6177079,-0.408789898,0.09882576,0.555107104,0.042291625,-0.002908741,0.020003192,3.485157032,0.472284385,0.742754985,0.09918911,0.544337739,0.094188366,-0.050332747,0.101318205,5.69044488,0.898843842,470,0.00533685,0.026187667,0.191082803,0.25477707,0.222929936,0.167941418,0.336192696,0.351131917,134.5714286,7
maya_raw_scaled,raise_arms_horizontally,0812202001a.xlsx,0,right,7,0.123810723,0.010253285,1.188652677,0.017451041,0.113131007,0.007019917,36.28571429,4.990467103,50.57142857,17.77504939,-0.684372526,0.161918772,0.744507551,0.056129234,-0.217840892,0.173960951,5.16672805,0.906728674,0.895388724,0.133765053,0.62777462,0.091056762,-0.056844171,0.083791994,7.173010914,1.056561356,470,0.005810583,0.029435696,0.191082803,0.25477707,0.222929936,0.187831437,0.375336318,0.398062781,134.5714286,7
maya_raw_scaled,raise_arms_horizontally,0812202001b.xlsx,0,left,7,0.167250724,0.013958945,1.143605933,0.040706527,0.180393324,0.009066157,31.57142857,15.12015369,74.57142857,17.85923797,-0.406089064,0.094090053,0.759576989,0.301698276,0.189505305,0.306643337,10.74625539,12.49974088,1.064057686,0.390764827,0.719799269,0.090402528,0.924110965,1.619082095,10.30051709,2.874414924,449,0.006556626,0.028564846,0.3,0.233333333,0.266666667,0.149432312,0.274015035,0.407870789,112.5,8
maya_raw_scaled,raise_arms_horizontally,0812202001b.xlsx,0,right,7,0.120690473,0.012789122,1.233716945,0.021663861,0.110220174,0.008596131,32,3.915780041,52.14285714,8.375133261,-0.658891004,0.108264252,0.796056188,0.047958182,-0.108244259,0.166435413,5.181645486,0.574123311,1.054739061,0.125927463,0.70882606,0.136781159,0.008285884,0.236490415,7.909376693,1.985322298,449,0.006917999,0.032113002,0.3,0.233333333,0.266666667,0.175267634,0.300900607,0.461846009,112.5,8
maya_raw_scaled,raise_arms_horizontally,0812202002a.xlsx,0,left,7,0.181887656,0.025178519,1.277539766,0.077108956,0.194450353,0.031390916,42.42857143,10.42204623,47.42857143,8.922950612,-0.705744189,0.151122752,0.381222305,0.106804095,-0.301006766,0.207206346,4.279435527,0.447925683,0.821364471,0.228122468,0.559256933,0.062144688,0.07525061,0.3765107,6.447783755,1.455909501,414,0.004332848,0.030209643,0.180505415,0.216606498,0.252707581,0.063538939,0.092751689,0.5911644,118.7142857,7
maya_raw_scaled,raise_arms_horizontally,0812202002a.xlsx,0,right,7,0.151439474,0.014040241,1.137879202,0.243037243,0.147987489,0.012745958,42.42857143,21.0938944,63.57142857,14.98729621,-0.506039103,0.198830154,0.567268134,0.103789378,-0.079250784,0.062982953,6.522542522,0.64386855,0.809395096,0.27167881,0.706293297,0.07184916,0.279298952,0.544956836,8.340604336,1.174906912,414,0.004929041,0.030250084,0.180505415,0.216606498,0.252707581,0.064185262,0.102576573,0.592903747,118.7142857,7
maya_raw_scaled,raise_arms_horizontally,1212202001a.xlsx,1,left,7,0.257384277,0.111308277,1.258816433,0.064280492,0.311506497,0.151825443,24.85714286,10.36707242,32.71428571,21.62340002,-1.695254895,1.647792073,1.756437155,0.980601843,-7.958391705,15.41205119,37.45320845,31.26028028,1.311331766,0.375953348,0.939295742,0.397139729,0.315956207,1.298429125,18.92706702,8.437494668,240,0.011519574,0.037483082,0.31120332,0.373443983,0.435684647,0.253352354,0.258317732,0.307167738,68.85714286,7
maya_raw_scaled,raise_arms_horizontally,1212202001a.xlsx,1,right,7,0.238071721,0.160232908,1.268300843,0.095165942,0.233999353,0.20770911,24.71428571,7.60951785,38.28571429,13.87701079,-0.940125561,0.540621565,1.438650512,0.79405107,-0.805576433,1.749595103,25.32281795,18.74594365,1.296852458,0.312494697,1.099091238,0.43782105,-0.492555481,1.14077328,21.44223668,10.10596011,240,0.012262561,0.039446935,0.31120332,0.373443983,0.435684647,0.270253212,0.290373881,0.306124297,68.85714286,7
maya_raw_scaled,raise_arms_horizontally,1212202001b.xlsx,1,left,8,0.160046837,0.14362193,1.271807214,0.024271087,0.136898199,0.093191009,26.625,9.288049157,47.375,13.15769737,-0.823927676,0.473620283,0.959808029,0.541199725,0.398299428,2.63809507,9.173827313,8.63228083,1.354611457,0.420069785,1.328079545,0.790901789,-1.077916675,2.435511565,23.6928529,18.15877795,322,0.00991269,0.034247813,0.278637771,0.325077399,0.371517028,0.251732226,0.26518891,0.276056405,80.75,8
maya_raw_scaled,raise_arms_horizontally,1212202001b.xlsx,1,right,8,0.157236206,0.10354473,1.262745162,0.037891252,0.137916935,0.010360199,28.25,8.031189202,46.5,12.71669319,-0.822583764,0.450906363,0.844238786,0.326641529,0.04041027,1.09262688,7.652257199,6.272192479,1.232017487,0.283564947,1.421399051,0.726482337,-1.123010337,1.101306143,26.26082747,16.89566226,322,0.00995569,0.03270435,0.325077399,0.278637771,0.371517028,0.24103521,0.242895655,0.273133335,80.75,8
maya_raw_scaled,raise_arms_horizontally,1312202001a.xlsx,0,left,7,0.176657508,0.007205384,1.172918911,0.010139539,0.178987809,0.006938163,36.71428571,8.67398958,50.71428571,7.973169293,-0.601378575,0.10494531,0.732764008,0.044777986,-0.057295058,0.032368396,4.408309927,0.62298056,0.847102054,0.16901227,0.692199411,0.056591192,-0.119113065,0.115888849,6.278058153,1.24351942,475,0.005359982,0.027973805,0.18907563,0.220588235,0.25210084,0.130979094,0.225454278,0.486559959,119,8
maya_raw_scaled,raise_arms_horizontally,1312202001a.xlsx,0,right,7,0.142918309,0.006471654,1.163405386,0.01869212,0.147238371,0.006596529,29.71428571,5.677860093,62.14285714,9.511897312,-0.49970732,0.072829272,0.703162,0.032753504,-0.04033053,0.061074803,4.356818187,0.414229041,1.057550016,0.177450085,0.765456021,0.060419761,0.096145101,0.128457963,7.823964121,0.629193394,475,0.005738228,0.028901188,0.18907563,0.220588235,0.25210084,0.134210605,0.231685609,0.504447386,119,8
maya_raw_scaled,raise_arms_horizontally,1502202101a.xlsx,0,left,7,0.150746487,0.021784871,1.138139718,0.084659093,0.146212938,0.018542084,37.14285714,17.372666,64.28571429,10.71936388,-0.475782697,0.099546572,0.515647916,0.071154493,-0.065147462,0.103764905,4.085942458,0.935427173,1.269596638,1.360977899,0.842706392,0.796409968,4.832572256,12.65694214,16.28729992,25.38254191,414,0.006118713,0.028247215,0.289156627,0.21686747,0.253012048,0.16853749,0.18184485,0.477745933,118.5714286,7
maya_raw_scaled,raise_arms_horizontally,1502202101a.xlsx,0,right,7,0.165498419,0.025375787,1.260056744,0.04186886,0.195242172,0.02006499,41,10.2794293,51.85714286,6.414269806,-0.624720368,0.103201671,0.578689225,0.114475811,-0.115775722,0.087047686,5.011692885,1.221482349,0.839162755,0.207196281,0.508422476,0.127540025,0.218535438,0.163175386,8.076539172,3.883038299,414,0.00586337,0.029900925,0.289156627,0.21686747,0.253012048,0.175600215,0.199920706,0.500406192,118.5714286,7
maya_raw_scaled,raise_arms_horizontally,1502202101b.xlsx,0,left,7,0.16560362,0.112763257,1.295270486,0.054217077,0.119267736,0.039707612,44,7.234178138,48.14285714,6.593647737,-0.744313712,0.118999689,0.506713973,0.079084123,-0.162635161,0.099967855,5.756904388,1.553594509,0.777441218,0.110564797,0.537579553,0.26491077,-0.151981869,0.451773293,6.676425323,6.307288586,366,0.005325407,0.031956922,0.326975477,0.245231608,0.286103542,0.166485326,0.168802447,0.536855053,104.8571429,7
maya_raw_scaled,raise_arms_horizontally,1502202101b.xlsx,0,right,7,0.188416035,0.040850537,1.336837984,0.032404945,0.174613006,0.026186892,41.14285714,6.148944935,48.57142857,7.568732674,-0.731949814,0.118698393,0.705871072,0.145487778,-0.011354608,0.135309862,9.955852669,2.742691672,0.846943086,0.121868457,0.623776368,0.27880056,0.006846986,0.864881413,8.125467022,6.511737124,366,0.006167836,0.032839096,0.326975477,0.245231608,0.286103542,0.166498436,0.184605336,0.549217343,104.8571429,7
maya_raw_scaled,raise_arms_horizontally,1502202102a.xlsx,0,left,7,0.229474921,0.048605751,1.191975893,0.027406784,0.202228654,0.007504101,24,5.887840578,52.14285714,6.49175301,-0.575211607,0.071113584,0.723814719,0.07400729,-0.205680019,0.102353912,4.780450213,0.714907069,1.291318547,0.44036345,1.271052103,0.554256337,-0.81212695,1.394138339,16.09679377,14.62075674,423,0.004693537,0.029596519,1.236749117,0.74204947,0.247349823,0.047634927,0.135633282,0.581259262,121.2857143,7
maya_raw_scaled,raise_arms_horizontally,1502202102a.xlsx,0,right,7,0.163232896,0.036972163,1.167227934,0.025254961,0.160938694,0.030606711,21.28571429,9.569296138,58.71428571,15.07441857,-0.5377068,0.123829171,0.757125897,0.053828908,-0.1509712,0.169596452,4.989354258,0.763273792,1.915438228,1.566353501,2.032646372,0.887722229,5.244935574,21.68492489,35.87510933,26.84848134,423,0.005710714,0.031158211,1.236749117,0.74204947,0.247349823,0.055750458,0.148209268,0.611033458,121.2857143,7
maya_raw_scaled,raise_arms_horizontally,1502202102b.xlsx,0,left,7,0.212945165,0.073644849,1.19084667,0.016628072,0.185073265,0.016231584,27,5.887840578,50.85714286,9.299257523,-0.609651459,0.142921121,0.694432132,0.084433392,-0.334371697,0.5456808,4.669947796,0.595104107,1.133632713,0.259133552,1.167338757,0.245788055,-0.662008387,0.856173656,16.17094062,7.651419001,276,0.005950454,0.029317327,1.135135135,0.756756757,0.378378378,0.065379888,0.20514206,0.430523044,79.28571429,7
maya_raw_scaled,raise_arms_horizontally,1502202102b.xlsx,0,right,7,0.158110506,0.065467605,1.161584689,0.023440535,0.170186072,0.024552498,23.28571429,2.927700219,51.71428571,4.231401884,-0.575270071,0.052046505,0.71516556,0.089855927,-0.260060613,0.198620094,4.474838486,0.71795705,1.309066305,0.170880767,1.79418425,0.512128577,-1.188621137,1.338141694,30.92683775,15.17364608,276,0.006874963,0.030533044,1.135135135,0.756756757,0.378378378,0.066719933,0.219231666,0.442833398,79.28571429,7
maya_raw_scaled,raise_arms_horizontally,1502202103a.xlsx,0,left,6,0.204713115,0.013105691,0.951611402,0.016247084,0.201022877,0.007626211,32,7.402702209,55.5,6.892024376,-0.409084942,0.055735598,0.411982848,0.055992347,-0.20679549,0.103236266,3.265446398,0.598661055,0.732384102,0.175153309,0.439040111,0.074053023,-0.110688317,0.099480328,5.210821376,1.652083614,426,0.002813555,0.02099315,0.210526316,0.736842105,0.245614035,0.061445081,0.064904791,0.412846294,122.1428571,7
maya_raw_scaled,raise_arms_horizontally,1502202103a.xlsx,0,right,6,0.123934381,0.010918176,1.196209856,0.025628785,0.129405513,0.012974573,24.5,5.753259945,63.33333333,3.444802849,-0.505351701,0.036959562,0.691444025,0.064791436,-0.105695602,0.155558035,5.565452065,0.756869269,1.354184972,0.268296062,0.585843303,0.047780469,0.875633091,1.190604649,10.76178228,2.984494932,426,0.004181833,0.031906995,0.210526316,0.736842105,0.245614035,0.097044278,0.104136604,0.627822663,122.1428571,7
maya_raw_scaled,raise_arms_horizontally,1502202104b.xlsx,0,left,12,0.271091295,0.153241361,1.340730088,0.069312997,0.23730781,0.018027866,46.16666667,10.73510243,59.83333333,17.03917056,-0.596247289,0.185909572,0.485051854,0.056802065,-0.062498345,0.085635919,4.489715732,0.827533994,0.710539319,0.152534481,0.408741474,0.103281101,-0.009234045,0.132255057,5.450912301,1.53234843,694,0.004269344,0.022506328,0.345075485,0.258806614,0.237239396,0.131927667,0.232148067,0.428174291,126.4545455,11
maya_raw_scaled,raise_arms_horizontally,1502202104b.xlsx,0,right,12,0.297606451,0.1567383,1.346227727,0.081072735,0.256824838,0.033119669,39.5,10.06795095,56.66666667,18.81166627,-0.636106392,0.217907451,0.567171534,0.08141197,-0.073669297,0.289281142,6.796042539,1.514056551,0.818879753,0.216056726,0.514378011,0.126094195,0.192633875,0.351944617,7.048389549,2.133514209,694,0.00454971,0.022781689,0.345075485,0.258806614,0.237239396,0.132557163,0.237429919,0.432770484,126.4545455,11
maya_raw_scaled,raise_arms_horizontally,1502202106b.xlsx,1,left,6,0.184126394,0.013188526,1.065957018,0.037462358,0.188958587,0.010222967,27.16666667,9.28260021,27.33333333,3.204163958,-0.969227226,0.10889852,1.009801907,0.190821024,-0.198333619,0.465452584,9.187418921,1.753369202,1.071539213,0.353203308,1.016015309,0.2122955,-0.219235032,0.299729917,10.79990491,3.494774562,217,0.011140327,0.032173771,0.61784897,0.411899314,0.549199085,0.170847469,0.178177476,0.231028416,54.625,8
maya_raw_scaled,raise_arms_horizontally,1502202106b.xlsx,1,right,6,0.168493641,0.013945975,1.040126175,0.057458172,0.172774115,0.01034686,21.5,8.848728722,32.16666667,7.884584115,-0.845487513,0.194238305,1.082907984,0.194751075,-0.192864673,0.154533098,9.92674575,2.080960966,1.342278244,0.38541841,1.022826196,0.218381496,-0.1927943,0.465194801,12.67152725,3.646953532,217,0.011576306,0.032732924,0.61784897,0.411899314,0.549199085,0.172503632,0.179487238,0.232103753,54.625,8
maya_raw_scaled,raise_arms_horizontally,1901202101a.xlsx,1,left,15,0.048156473,0.240530834,0.931476455,0.301964458,0.087799673,0.22466523,14.4,10.85488698,17.8,15.41427909,-3.076899684,3.209711032,2.267519653,1.680439237,-23.38703162,33.08893168,50.58376073,45.63705049,2.897924632,2.443566783,1.575866763,1.320246186,15.92018368,22.10058835,39.24834295,34.20795381,327,0.011569952,0.022322824,0.411585366,0.548780488,0.274390244,0.127493459,0.128455987,0.209372381,109.3333333,6
maya_raw_scaled,raise_arms_horizontally,1901202101a.xlsx,1,right,7,0.175664399,0.053264668,1.179161827,0.181708792,0.232365113,0.152466702,30.71428571,11.10126548,40,9.146948489,-0.723077956,0.282361317,1.021617549,0.430197434,-0.472077219,0.736056309,15.39228712,6.981100418,1.036183007,0.211963906,0.733583232,0.105621333,-0.505098196,2.03982054,11.81483532,3.372673546,327,0.007798194,0.032650198,0.411585366,0.320121951,0.274390244,0.155969412,0.158636597,0.487530912,109.3333333,6
maya_raw_scaled,raise_arms_horizontally,1901202101b.xlsx,1,left,16,0.042888168,0.241843169,1.017727857,0.218472553,0.010893877,0.296387292,13.1875,11.29140529,17.3125,12.30565588,-3.193451779,3.239271665,2.985523713,2.353740442,-24.58524414,32.07407231,71.79589232,64.6082282,3.841016683,3.040556794,2.194137057,1.932291125,30.21576752,37.37621775,51.31609522,49.05513277,404,0.013245697,0.023251251,0.110974106,0.221948212,0.258939581,0.138545934,0.166552869,0.18146803,115.8571429,7
maya_raw_scaled,raise_arms_horizontally,1901202101b.xlsx,1,right,9,0.161277401,0.015619383,1.235692838,0.079873744,0.166653391,0.01438711,34.11111111,10.72898463,37,12.31868499,-0.962582534,0.36572955,0.697185202,0.318723292,-0.149395244,0.546073976,12.24159437,7.109287573,1.012976599,0.28819634,0.717781151,0.269784956,0.317209345,0.766466383,12.65198256,6.779363942,404,0.00776756,0.026324336,0.258939581,0.221948212,0.443896424,0.198820659,0.203312349,0.224023519,67.58333333,12
maya_raw_scaled,raise_arms_horizontally,1901202101b.xlsx2,1,left,18,0.001317202,0.268996286,1.224082813,0.188069422,0.045572763,0.294513736,11.22222222,8.011429744,17.77777778,16.80880566,-4.044801806,3.327731887,3.487866544,2.296488032,-34.33959299,44.09724066,72.08449283,54.25249356,5.020652106,3.407592149,2.946347764,1.993247636,15.66479714,35.11466333,86.90455358,62.25436728,490,0.012503623,0.026524668,0.488301119,0.274669379,0.24415056,0.119515621,0.264425905,0.272845071,122.875,8
maya_raw_scaled,raise_arms_horizontally,1901202101b.xlsx2,0,right,8,0.157489597,0.029590645,1.304474837,0.036031173,0.1587094,0.014341215,41.125,7.548651724,45.125,10.60239191,-0.798059731,0.203273518,0.583545729,0.181538319,-0.335800111,0.178742321,6.369567771,3.770907727,0.860176069,0.166220774,0.598593776,0.065699204,-0.138548662,0.400421475,8.475097723,1.910297671,490,0.005510222,0.028818334,0.21363174,0.274669379,0.24415056,0.179915702,0.2844212,0.493113869,122.875,8
maya_raw_scaled,raise_arms_horizontally,2001202101a.xlsx,1,left,4,0.22161533,0.05441427,1.114026961,0.406305616,0.254405521,0.10125322,33.25,17.01714821,30.75,16.8597153,-0.776257801,0.377653161,0.498851697,0.196382471,-0.391084755,0.366017953,4.485633786,0.774547347,0.820250037,0.252908263,0.579313126,0.216437004,-0.544681349,0.919522112,4.629074777,0.853253292,370,0.005267154,0.029016343,0.282637954,0.242261104,0.040376851,0.24282016,0.31319566,0.318876011,743,1
maya_raw_scaled,raise_arms_horizontally,2001202101a.xlsx,1,right,4,0.177469415,0.076564063,1.028824578,0.371119657,0.133722408,0.009006901,29.25,7.5,46.25,10.4363148,-0.569133568,0.22576755,0.553718758,0.177879518,-0.139522807,0.199800313,4.149348553,1.012012068,0.836784235,0.189561827,0.52171683,0.143111232,-0.299402561,0.775510188,4.581359189,0.553760577,370,0.005073692,0.028324868,0.282637954,0.040376851,0.242261104,0.236638797,0.310920154,0.311856826,123.8333333,6
maya_raw_scaled,raise_arms_horizontally,2001202101a.xlsx2,0,left,7,0.224742375,0.063613876,1.289010536,0.048975651,0.203168236,0.01671388,43.14285714,9.352870708,36.28571429,9.428932172,-0.946773609,0.229614262,0.644350251,0.081253087,-0.173372836,0.139442317,4.619569826,0.908591488,0.767635117,0.152933015,0.638377334,0.041732662,-0.212998732,0.541734513,5.073988061,1.287029536,426,0.004396296,0.031188076,0.736842105,0.49122807,0.245614035,0.09190755,0.102807961,0.620170664,122.1428571,7
maya_raw_scaled,raise_arms_horizontally,2001202101a.xlsx2,0,right,7,0.142594845,0.034675394,1.233328108,0.043060434,0.127221859,0.006961711,38.85714286,9.352870708,43.14285714,9.873003113,-0.806082649,0.197429446,0.636985335,0.114078095,-0.126803604,0.098319847,4.549387212,0.755011048,0.881678947,0.2045644,0.625136058,0.08093861,-0.152068399,0.559364524,5.334007763,0.598674795,426,0.004522593,0.031821893,0.736842105,0.49122807,0.245614035,0.092862213,0.095524359,0.636001603,122.1428571,7
maya_raw_scaled,raise_arms_horizontally,2001202102a.xlsx,0,left,7,0.18056269,0.01109036,1.341036073,0.017721644,0.183505203,0.008144706,31.85714286,3.338091842,73.71428571,9.268482179,-0.477166891,0.062924769,0.472364808,0.027514265,-0.05026766,0.067060868,3.39087088,1.01985398,1.103913653,0.12773421,0.748081634,0.087897524,-0.068493556,0.101822307,8.483105347,1.387138059,579,0.004773451,0.028034192,0.025839793,0.258397933,0.23255814,0.271875467,0.347304929,0.412213442,129,9
maya_raw_scaled,raise_arms_horizontally,2001202102a.xlsx,0,right,7,0.150032355,0.004183246,1.298332906,0.015877914,0.150373452,0.007002233,31.85714286,2.734262328,66.28571429,5.250850271,-0.521229178,0.042596587,0.499675437,0.048435437,-0.083690997,0.051947106,3.232549241,0.423265337,1.087289565,0.090578903,0.732764877,0.106653174,-0.166812839,0.179157322,7.788386879,0.796790891,579,0.004926439,0.028012608,0.025839793,0.258397933,0.23255814,0.274622847,0.343420725,0.411607387,129,9
maya_raw_scaled,raise_arms_horizontally,2112202001a.xlsx,0,left,7,0.210607289,0.007918999,1.255592542,0.058151033,0.200258279,0.014484076,32,5.033222957,52.71428571,6.7753053,-0.604878641,0.064207434,0.557211955,0.040557441,-0.209604628,0.103076437,3.485919973,0.383310902,1.00280011,0.184502482,0.608383799,0.123417951,-0.068508458,0.209285109,7.01092714,2.060718226,444,0.0054429,0.029205844,0.303370787,0.269662921,0.235955056,0.112839085,0.157499593,0.548660882,127.1428571,7
maya_raw_scaled,raise_arms_horizontally,2112202001a.xlsx,0,right,7,0.155064942,0.009296736,1.217842419,0.025126658,0.164941443,0.00830193,38.28571429,7.158079019,47.28571429,8.118174789,-0.683878601,0.118917069,0.505496357,0.07147872,-0.157134737,0.120632585,3.376037594,0.503711484,0.855798141,0.155585675,0.559018287,0.107138769,-0.09389126,0.194073879,6.044213733,1.598876548,444,0.005166317,0.028708606,0.303370787,0.269662921,0.235955056,0.103675658,0.151294863,0.542443673,127.1428571,7
maya_raw_scaled,raise_arms_horizontally,2112202001b.xlsx,0,left,10,0.189680442,0.093005144,1.143742752,0.323513383,0.23400954,0.058579566,33.4,17.63330183,47.3,11.12604552,-0.57053818,0.211271138,0.53240691,0.253040758,-0.350645745,0.905026966,5.561387703,7.514150275,1.356197837,1.996504211,0.820454507,0.981340957,7.128265284,22.62616982,13.70593145,25.59297606,717,0.004228072,0.022000365,0.020876827,0.229645094,0.250521921,0.237888784,0.282284629,0.365573035,119.75,12
maya_raw_scaled,raise_arms_horizontally,2112202001b.xlsx,0,right,8,0.142387232,0.018120599,1.210355461,0.041346536,0.150359976,0.016902942,46.625,7.818247886,46,8.502100581,-0.713085183,0.155215396,0.428206277,0.084922117,-0.203914446,0.142270996,3.55960689,0.535281,0.702578657,0.112019633,0.414554125,0.155726362,-0.10564581,0.145814731,4.958254747,1.297152837,717,0.003280148,0.021876758,0.020876827,0.229645094,0.250521921,0.250780544,0.28876016,0.349269058,119.75,12
maya_raw_scaled,raise_arms_horizontally,2112202001b.xlsx2,0,left,10,0.261442258,0.110704285,1.253474027,0.045841966,0.213661869,0.010493719,33.7,8.273787256,54.4,19.31723468,-0.67133925,0.357306314,0.630622947,0.171740855,-0.190652833,0.156475768,4.824985666,3.22300007,0.908455551,0.155607534,0.581323209,0.271264789,-0.149742399,0.449659434,6.683204139,2.464411365,604,0.004509761,0.024709472,0.19818332,0.222956235,0.247729149,0.153119243,0.235142568,0.472523637,121.1,10
maya_raw_scaled,raise_arms_horizontally,2112202001b.xlsx2,0,right,10,0.185007569,0.129188692,1.18059486,0.03312681,0.143120959,0.012267189,41.4,10.72069649,49.5,21.05152409,-0.761777858,0.437675477,0.545292994,0.180672036,-0.408026374,0.758416438,4.235713875,3.320285903,0.753577965,0.164581459,0.493214828,0.247187274,-0.393291588,0.992850521,5.431199782,1.867802565,604,0.004141453,0.023968097,0.19818332,0.222956235,0.247729149,0.152877608,0.225588669,0.457681446,121.1,10
maya_raw_scaled,raise_arms_horizontally,2112202002a.xlsx,0,left,7,0.13608123,0.022584733,1.212596206,0.052976057,0.14575367,0.012384102,35,6.32455532,51,9.469248474,-0.651757895,0.159970118,0.663145067,0.10622754,-0.081911822,0.086672642,4.252265451,1.055962335,0.943465888,0.148639544,0.754303292,0.168407207,0.063719041,0.180957375,7.08906379,2.132911794,434,0.005422194,0.030444356,0.482204363,0.27554535,0.241102181,0.091579388,0.125397681,0.591086477,124.4285714,7
maya_raw_scaled,raise_arms_horizontally,2112202002a.xlsx,0,right,7,0.149085925,0.009652696,1.145757267,0.038300184,0.168419856,0.014218707,37.42857143,6.078847008,56.71428571,7.409774754,-0.52362966,0.069167535,0.522652855,0.07725609,-0.072682729,0.0735198,3.310860565,0.571315665,0.817357857,0.14417627,0.690617143,0.120125706,-0.00269583,0.138077548,5.895143111,1.62887841,434,0.004693897,0.027897818,0.206659013,0.27554535,0.241102181,0.07760105,0.107379089,0.549878605,124.4285714,7
maya_raw_scaled,raise_arms_horizontally,2112202002b.xlsx,0,left,7,0.153487192,0.007703533,1.168115135,0.030386543,0.146892782,0.008211868,38.71428571,13.81682894,53.71428571,6.824326236,-0.577860742,0.074274604,0.6042371,0.055424942,-0.020684599,0.023268903,3.623289988,0.425397953,0.842748053,0.192782677,0.604297652,0.131819132,0.046742284,0.060598763,5.827017621,2.061838559,473,0.005178014,0.02712899,0.189873418,0.221518987,0.253164557,0.150701311,0.250738058,0.454903083,118.5,8
maya_raw_scaled,raise_arms_horizontally,2112202002b.xlsx,0,right,7,0.166073367,0.006472219,1.146262155,0.034598464,0.178488268,0.012352369,40.85714286,6.067085281,42.28571429,10.49943309,-0.719942211,0.16971968,0.495780863,0.050154841,-0.180171009,0.150200537,3.427144926,0.619404647,0.731602813,0.098886913,0.533352109,0.120478851,-0.076638992,0.130419537,4.955713651,1.197899035,473,0.004904492,0.02576674,0.189873418,0.221518987,0.253164557,0.141094715,0.24470835,0.433109761,118.5,8
maya_raw_scaled,raise_arms_horizontally,2112202003a.xlsx,0,left,7,0.141730267,0.050840713,1.146206104,0.032382366,0.148465846,0.048329583,30.42857143,7.892129895,60.42857143,6.106202935,-0.493699432,0.034308855,0.594204976,0.05011777,-0.287542844,0.124750313,4.611848915,0.407229103,1.042967281,0.252302133,0.62840156,0.15914113,-0.429872459,1.073350363,7.788981924,4.830311096,408,0.005441498,0.029252062,0.293398533,0.2200489,0.256723716,0.130591268,0.27423174,0.469949892,116.8571429,7
maya_raw_scaled,raise_arms_horizontally,2112202003a.xlsx,0,right,7,0.180889634,0.025389838,1.179622708,0.031808244,0.176593779,0.012079918,32.71428571,7.087883692,50.71428571,7.111359123,-0.599297935,0.085751598,0.622079479,0.038120002,-0.376474606,0.200993278,3.259573816,0.434410871,0.945114264,0.166608719,0.67866923,0.150921618,-0.413886321,0.712983514,7.746554575,3.64270888,408,0.005497157,0.029298751,0.293398533,0.2200489,0.256723716,0.130342474,0.275444688,0.469783361,116.8571429,7
maya_raw_scaled,raise_arms_horizontally,2112202003b.xlsx,0,left,7,0.193284654,0.013931763,1.144460312,0.049824688,0.188871816,0.018109508,31.57142857,3.552329886,54.57142857,8.141603914,-0.532758946,0.069484791,0.608151807,0.073838664,-0.111803358,0.121399555,4.176288373,0.653638271,0.914490673,0.129988488,0.717668064,0.266175244,-0.042328173,0.322589318,9.673847587,5.758703919,438,0.003978062,0.027282875,0.273037543,0.716723549,0.23890785,0.055817795,0.10712222,0.551896188,125.5714286,7
maya_raw_scaled,raise_arms_horizontally,2112202003b.xlsx,0,right,7,0.143179786,0.007949028,1.145356188,0.022508988,0.16637908,0.006926974,38.42857143,10.01427552,45,9.146948489,-0.671973471,0.131422458,0.656323531,0.097878413,-0.297351474,0.183036949,3.542683492,0.916299688,0.8309656,0.223706977,0.73747586,0.197724183,-0.15427686,0.183538415,8.447906836,5.663592604,438,0.004143553,0.028662428,0.204778157,0.716723549,0.23890785,0.056869437,0.109910165,0.581201843,125.5714286,7
maya_raw_scaled,raise_arms_horizontally,2112202004b.xlsx,1,left,2,0.136635406,0.071582295,0.26776808,0.034362091,0.197824808,0.011922928,16.5,3.535533906,30.5,20.50609665,-0.065262979,0.004267862,0.11822354,0.075314354,-0.112867364,0.177938285,1.839267887,0.673245263,0.262123857,0.246916529,0.171904652,0.157768747,-0.095046354,0.206843684,2.9510779,2.44414503,91,0.011081106,0.020802404,0.652173913,0.163043478,0.326086957,0.076238149,0.095419975,0.113881765,92,2
maya_raw_scaled,raise_arms_horizontally,2112202004b.xlsx,1,right,3,0.14945364,0.022680955,0.226678625,0.024008662,0.115071412,0.066115303,8.666666667,3.785938897,15,6.08276253,-0.286943409,0.265830548,0.233865142,0.213071979,-1.523702964,1.949450891,3.685908623,3.357776052,0.279991135,0.077218014,0.15137628,0.026124258,0.622505065,0.380655285,3.612837412,0.586243025,91,0.010496038,0.014097858,0.326086957,0.652173913,0.97826087,0.056182233,0.065645201,0.065808192,30.66666667,6
maya_raw_scaled,raise_arms_horizontally,2112202005b.xlsx,1,left,6,0.236260647,0.255001376,1.174274235,0.027316112,0.194434601,0.192624739,15.16666667,5.419102017,19.83333333,7.167054253,-1.496959169,0.277408378,1.191325778,0.588025425,-6.266342879,7.757192156,15.65401917,10.24167717,1.911577766,0.37703782,1.411403154,0.518771181,0.6992382,5.143238019,30.52982515,14.74611211,128,0.017798088,0.045264395,0.930232558,0.813953488,0.697674419,0.209510551,0.267427334,0.307792437,43,6
maya_raw_scaled,raise_arms_horizontally,2112202005b.xlsx,1,right,7,0.231303173,0.283621341,1.143766086,0.02400511,0.139601508,0.225276164,15.71428571,4.270608298,18.85714286,3.236694375,-1.549969124,0.216593959,0.588895513,0.092915913,-1.859672206,1.443890256,7.75148645,1.894052545,1.726717527,0.27772791,1.110330988,0.433631621,-2.029382865,2.903729037,19.79063216,11.51826625,128,0.016729081,0.04535087,0.930232558,0.813953488,0.697674419,0.1958666,0.255274078,0.315213746,43,6
maya_raw_scaled,raise_arms_horizontally,2112202005b.xlsx2,1,left,6,0.150339994,0.105978133,1.166782871,0.053521389,0.164365941,0.16110781,19,5.761944116,21.83333333,10.45785191,-1.557441643,0.58802896,1.296787656,0.893339039,-6.634262728,10.18477286,19.28538403,12.73059595,1.70070918,0.453207784,1.393343145,0.486793633,-1.282781698,3.139105746,26.6608968,12.44180963,163,0.01584772,0.04335339,0.820668693,0.455927052,0.638297872,0.157543357,0.298608503,0.385853988,47,7
maya_raw_scaled,raise_arms_horizontally,2112202005b.xlsx2,1,right,6,0.110442897,0.171655997,1.133831641,0.037314944,0.109417312,0.175292874,18.33333333,1.632993162,24.16666667,7.782458909,-1.339141026,0.351080834,0.913317372,0.267475233,-2.262049309,3.352676542,11.21598947,7.247360072,1.675384363,0.350748954,0.971337541,0.559243294,-0.033685202,1.078959675,16.93947138,8.859477666,163,0.015122257,0.044446206,0.820668693,0.455927052,0.638297872,0.176190914,0.321821988,0.388652938,47,7
maya_raw_scaled,raise_arms_horizontally,902202101a.xlsx,0,left,7,0.186623151,0.117595219,1.142989297,0.0298512,0.103371476,0.061751798,32.57142857,7.412987316,66.28571429,7.931252228,-0.472979837,0.075378362,0.491810499,0.09025137,-0.314284155,0.191244599,3.606417795,0.457685267,0.897816515,0.107935648,0.650589932,0.257414271,-0.305545007,0.660939242,6.806087388,4.583033105,419,0.005330794,0.028105648,0.178571429,0.214285714,0.25,0.127846947,0.132783851,0.500731311,120,7
maya_raw_scaled,raise_arms_horizontally,902202101a.xlsx,0,right,7,0.18089191,0.107712168,1.213090707,0.028700848,0.142482548,0.006193422,30.14285714,5.4902511,67.71428571,7.364651739,-0.477325751,0.043020865,0.72499584,0.408559468,-0.075214573,0.085887963,7.540823964,7.758217549,1.049054803,0.176195161,0.777557837,0.297925841,-0.364827826,1.005041465,9.568557267,6.52662535,419,0.006192487,0.030900458,0.178571429,0.214285714,0.25,0.132144467,0.146691405,0.542011536,120,7
maya_raw_scaled,raise_arms_horizontally,902202102b.xlsx,1,left,8,0.219925077,0.111587426,1.170442256,0.083891287,0.185504244,0.054768194,18.375,9.869686636,31.375,16.22993266,-1.426074605,1.393897967,1.602450644,1.32687474,-2.058345963,10.44469776,33.20164289,26.38303685,2.088000128,1.752272641,1.351107813,1.26073215,9.918096914,23.28163471,24.83120612,23.53362858,358,0.009394323,0.028617479,0.208623088,0.292072323,0.33379694,0.208372077,0.239175975,0.282751283,89.875,8
maya_raw_scaled,raise_arms_horizontally,902202102b.xlsx,1,right,7,0.138847037,0.009893118,1.170034149,0.13401174,0.144099573,0.008410998,25,8.717797887,37.28571429,10.68822227,-0.860789698,0.160542121,1.507779627,0.420096644,0.776516338,0.789047402,37.34624619,15.73695715,1.293815787,0.284080301,0.653182416,0.164757133,1.471958961,1.410866239,8.783754972,2.488383559,358,0.008327716,0.028857424,0.292072323,0.208623088,0.33379694,0.220831709,0.223286584,0.28790369,89.875,8
maya_raw_scaled,raise_arms_horizontally,902202103a.xlsx,0,left,7,0.105972754,0.068723614,1.161388266,0.023925553,0.127291643,0.020289157,40.71428571,6.47338875,55.28571429,11.95427798,-0.582244625,0.126465319,0.483116325,0.059274948,-0.112380274,0.131175162,3.948624591,0.693399558,0.788139086,0.100951536,0.513224419,0.062377191,-0.105259123,0.724017462,4.954765913,0.951760592,422,0.004078301,0.02932285,0.283687943,0.212765957,0.24822695,0.071342643,0.083816967,0.583879827,120.8571429,7
maya_raw_scaled,raise_arms_horizontally,902202103a.xlsx,0,right,7,0.076231329,0.045819444,1.279734257,0.009240363,0.061042131,0.011789178,50.28571429,7.718252948,52.57142857,7.807200584,-0.706820431,0.094995971,0.480001749,0.067065928,-0.062866337,0.103931929,4.209494099,0.69097964,0.730268341,0.097320304,0.531214478,0.066971267,-0.204507769,0.560908544,4.389955831,0.533511048,422,0.004453535,0.03246899,0.283687943,0.212765957,0.24822695,0.083722467,0.093339655,0.648744115,120.8571429,7
maya_raw_scaled,raise_arms_horizontally,902202103b.xlsx,0,left,7,0.110592388,0.009074094,1.203378609,0.060369043,0.143977928,0.022394301,42.28571429,6.575568054,50.71428571,9.050124966,-0.644424436,0.128890801,0.524391541,0.063250469,-0.176228001,0.116016618,4.645451663,0.990587996,0.784297977,0.093419891,0.526664461,0.037713479,0.260189859,0.218322684,5.076898238,0.917548012,460,0.005432313,0.028918079,0.22751896,0.195016251,0.260021668,0.19433252,0.195010856,0.502813582,115.375,8
maya_raw_scaled,raise_arms_horizontally,902202103b.xlsx,0,right,7,0.050402173,0.0078392,1.290995432,0.028286414,0.056505579,0.008679713,47.14285714,5.113008619,59.42857143,5.503245796,-0.627347619,0.061648243,0.528623112,0.032130206,-0.020837141,0.028544443,4.048353676,0.729718449,0.795898785,0.076849575,0.586821823,0.055351469,0.041726053,0.055474868,4.666145444,0.595245471,460,0.005848249,0.032349324,0.22751896,0.195016251,0.260021668,0.215128068,0.224596508,0.564779383,115.375,8
maya_raw_scaled,raise_arms_horizontally,902202104b.xlsx,1,left,4,0.17074733,0.009831129,1.002906623,0.083114725,0.238279484,0.121152556,17.5,6.608075867,27.25,29.68024034,-2.355982159,2.081196012,2.386319323,1.271169796,-30.91281187,28.95206695,49.42409766,31.03633537,1.460203701,0.375110646,0.725858443,0.220417645,3.388209953,4.198471893,14.77898873,4.517605985,239,0.012774162,0.030164909,0.374220374,0.311850312,0.187110187,0.178724269,0.210862197,0.237795694,160.3333333,3
maya_raw_scaled,raise_arms_horizontally,902202104b.xlsx,1,right,7,0.122443119,0.003229406,1.080159752,0.113950104,0.122437587,0.013725725,18.85714286,5.336308694,29.71428571,19.09375365,-1.26575303,0.575890084,1.22169924,0.388728878,0.564378558,1.703937776,22.25117269,12.0657945,1.559959095,0.283788519,0.68326629,0.187341028,1.192118311,2.089744187,12.67782934,2.909559736,239,0.011743737,0.034840459,0.374220374,0.311850312,0.187110187,0.21533701,0.237536983,0.269334868,160.3333333,3
maya_raw_scaled,raise_arms_horizontally,902202105a.xlsx,0,left,10,0.238830751,0.017805168,1.262592732,0.099886225,0.258701528,0.014026442,29.4,7.167829363,46.2,6.844300143,-0.657868287,0.096449946,0.694731211,0.084721009,-0.323699859,0.165395248,4.8427468,0.977745955,1.102666774,0.320486901,0.77207845,0.620127684,1.382156632,4.239732416,10.08590476,10.52409234,705,0.004221444,0.022989071,0.021231423,0.233545648,0.25477707,0.175074111,0.349784301,0.362519789,117.75,12
maya_raw_scaled,raise_arms_horizontally,902202105a.xlsx,0,right,11,0.184614133,0.043837475,1.222671724,0.239726685,0.198259653,0.12638652,28.54545455,9.180017825,44.27272727,9.089454429,-0.660972827,0.223416426,0.742252988,0.227408604,-0.260634585,0.222602458,5.908998917,1.582379441,1.483022663,1.567107934,1.176323117,0.791420294,3.50723657,12.01146798,21.90927866,25.86389885,705,0.004885525,0.024562527,0.021231423,0.233545648,0.25477707,0.166362796,0.38610494,0.401989981,117.75,12
maya_raw_scaled,raise_arms_horizontally,902202105a.xlsx2,0,left,11,0.22072787,0.016982334,1.248471754,0.070201358,0.244373668,0.015451662,35.45454545,11.25489792,45.18181818,16.83340834,-0.742839675,0.271738346,0.779078991,0.113837785,-0.316721676,0.231703649,6.315040807,1.320063159,0.941019412,0.267147067,0.663087305,0.109109714,0.021471875,0.126091926,6.784083551,1.890808914,664,0.005639141,0.023377127,0.270676692,0.22556391,0.248120301,0.14833074,0.194537948,0.453516254,120.9090909,11
maya_raw_scaled,raise_arms_horizontally,902202105a.xlsx2,0,right,11,0.152122288,0.05753345,1.258456792,0.069509422,0.16049365,0.014220736,25.45454545,14.1517747,49.63636364,16.43333641,-0.711680343,0.186415597,0.948063619,0.101891869,-0.285852468,0.188950528,7.455668273,1.068664511,2.248609463,2.150726383,1.677545787,1.250157453,6.652883609,17.70262701,35.25131907,38.91401504,664,0.006749529,0.025588388,0.270676692,0.22556391,0.248120301,0.15058214,0.190295059,0.517853185,120.9090909,11
maya_raw_scaled,raise_arms_horizontally,902202106a.xlsx,0,left,7,0.143325197,0.048058672,1.101483624,0.108002857,0.04588751,0.183300134,39.28571429,11.95427798,52.71428571,21.5539191,-1.693650211,3.230455025,1.131094562,1.822030547,-10.44805618,27.23411314,21.77092233,50.79989318,0.765708465,0.162765744,0.43506025,0.067541237,-0.060804148,0.649554331,3.884308769,1.246621643,398,0.007916481,0.027763007,0.150187735,0.225281602,0.262828536,0.167055304,0.22259669,0.391912993,114.1428571,7
maya_raw_scaled,raise_arms_horizontally,902202106a.xlsx,0,right,7,0.119241096,0.038615466,1.114171897,0.102684991,0.110452613,0.013492639,40.85714286,13.81338206,54.57142857,15.8204208,-0.616144062,0.277975175,0.613534672,0.120424428,-0.028084398,0.142111881,6.430002217,5.156975895,0.781308432,0.183075998,0.514299372,0.04540272,-0.120049434,0.535311566,5.447428484,0.827587126,398,0.005289589,0.02910221,0.300375469,0.225281602,0.262828536,0.148805077,0.217482574,0.485305192,114.1428571,7
maya_raw_scaled,bend_elbows,0812202001b.xlsx,0,left,7,-0.036155447,0.013615745,1.0261039,0.010228345,0.01256947,0.035921163,5,0,59.14285714,19.0125272,-0.545483836,0.212596425,1.860635318,0.567718011,-2.931576688,2.445999076,27.68355834,10.4997789,5.953972643,0.148786907,3.236697848,0.114189181,40.09834604,3.035547867,95.07853213,6.798990409,493,0.007691302,0.01975074,0.364004044,0.03033367,0.394337715,0.149383434,0.163796483,0.185317595,76.07692308,13
maya_raw_scaled,bend_elbows,0812202001b.xlsx,0,right,7,-0.014729335,0.023863906,1.001318745,0.01859225,0.017282935,0.036205156,8.857142857,6.743603671,55.42857143,13.93864105,-0.559792551,0.191984598,1.846618235,0.370491363,-1.818900034,2.24598067,28.2166601,6.191477006,4.581451806,2.022549372,2.959275171,0.337246475,27.09807959,19.30011597,79.47215989,24.89184243,493,0.007552126,0.019836412,0.364004044,0.03033367,0.394337715,0.151135436,0.168065309,0.186158647,76.07692308,13
maya_raw_scaled,bend_elbows,0812202002a.xlsx,0,left,7,0.010475486,0.012666815,1.010507,0.020647556,0.058738675,0.033000138,6.285714286,2.214669706,70.28571429,6.317021601,-0.405710975,0.037314233,1.231474047,0.126852382,-0.330830691,0.57446491,18.14509283,2.668386384,4.874625302,1.293214057,2.849672625,0.341758372,26.23977545,9.655884793,76.96600425,14.33534819,350,0.010280808,0.029985913,0.384068279,0.682788051,0.298719772,0.155336115,0.186710572,0.4291096,100.4285714,7
maya_raw_scaled,bend_elbows,0812202002a.xlsx,0,right,7,-0.003057388,0.011338717,1.008757241,0.017794957,0.022279778,0.016024829,6.142857143,1.069044968,76.14285714,4.140393356,-0.388667598,0.018975051,1.368374599,0.060164787,0.251253189,0.092254543,21.83147719,2.247074526,4.881361759,0.852517031,3.066735709,0.411929164,24.76596626,7.694959363,82.18063782,13.19473725,350,0.010748209,0.030115553,0.384068279,0.682788051,0.298719772,0.135548939,0.209471194,0.413062904,100.4285714,7
maya_raw_scaled,bend_elbows,0812202002b.xlsx,0,left,7,0.02893289,0.03700959,0.942950669,0.038677612,0.045697823,0.019156291,13.28571429,7.273565969,62.14285714,7.448234051,-0.428191567,0.061056256,1.176787746,0.322930371,-0.803820535,1.372412418,14.10170948,7.183330045,2.694071135,1.784291489,2.2752081,0.672266504,11.99119183,13.20254741,47.39947216,29.10394928,337,0.009938303,0.027943868,0.665680473,0.310650888,0.355029586,0.139332287,0.225608274,0.344260835,84.5,8
maya_raw_scaled,bend_elbows,0812202002b.xlsx,0,right,7,-0.01915674,0.012807484,1.00296677,0.018476999,0.031404144,0.021621458,6,1.825741858,63.42857143,3.598941643,-0.437479872,0.033235995,1.811926135,0.137735278,-2.446612719,1.341449218,28.00245594,1.37102235,4.970205977,1.032660559,2.922564238,0.334903326,34.46973312,14.15331852,67.69619858,17.80786197,337,0.011769259,0.029705586,0.665680473,0.310650888,0.355029586,0.161879143,0.240267697,0.341951826,84.5,8
maya_raw_scaled,bend_elbows,1212202001b.xlsx,1,left,8,0.048396018,0.02675552,0.996695823,0.020276586,0.047272496,0.019569559,7.75,3.284161124,40.125,15.60620298,-0.783331443,0.306082793,2.168834778,0.414127599,-3.733358571,2.836157237,35.78840351,7.949116016,4.009381014,1.401307632,2.797409594,0.244161139,21.61103569,13.65825665,67.63862896,16.80553812,453,0.009816144,0.027530981,0.330396476,0.363436123,0.297356828,0.158697927,0.189385658,0.375289304,100.8888889,9
maya_raw_scaled,bend_elbows,1212202001b.xlsx,1,right,8,0.072434891,0.03613477,1.000959843,0.00939678,0.075467514,0.031371725,12.875,7.199950397,43.375,17.92793112,-0.731502809,0.3643362,2.013816095,0.478061725,-3.402899175,3.334645613,32.77980748,8.244502402,2.826348612,1.685253189,2.341225595,0.388850962,10.12990351,10.69417525,47.83094807,23.8252244,453,0.009139598,0.026328337,0.330396476,0.363436123,0.297356828,0.156955028,0.178226282,0.35708716,100.8888889,9
maya_raw_scaled,bend_elbows,1312202001a.xlsx,0,left,7,0.010045711,0.00406478,0.995839665,0.004597092,-0.006286049,0.009125821,16.85714286,5.080307452,62.14285714,6.817344826,-0.469432334,0.054424951,1.794279636,0.11740612,-2.181281619,1.441321039,26.84726465,2.018085131,1.863033276,0.454255879,2.023355856,0.135574733,0.298787661,0.922806596,32.24550164,5.2566656,438,0.009380209,0.028223421,0.034168565,0.273348519,0.239179954,0.155902923,0.294549272,0.367207519,125.4285714,7
maya_raw_scaled,bend_elbows,1312202001a.xlsx,0,right,7,0.003208814,0.006059248,0.97427376,0.017288014,-0.003133666,0.009428019,15,5.686240703,65,7.874007874,-0.444043995,0.055959486,1.666880642,0.11404004,-1.342451531,1.286417689,25.34957051,2.477180817,2.150089985,0.673796767,2.506117564,0.337723471,-0.394751496,0.679024345,45.37617242,11.38055774,438,0.009346673,0.027535728,0.034168565,0.273348519,0.239179954,0.14687831,0.289227798,0.353407825,125.4285714,7
maya_raw_scaled,bend_elbows,1502202102a.xlsx,1,left,7,-0.009761435,0.018712098,1.009202855,0.018769379,0.067761847,0.045601095,7.857142857,4.810702354,67.28571429,11.41219064,-0.411854497,0.057045423,1.492753537,0.231533077,-1.664225387,1.45193823,21.87731068,2.928123931,4.532443868,1.631152839,2.899978658,0.492268764,23.98449112,19.00535722,75.70007054,23.48106362,389,0.010690239,0.027803588,0.345710627,0.268886044,0.307298335,0.229964569,0.23310149,0.242646268,97.625,8
maya_raw_scaled,bend_elbows,1502202102a.xlsx,1,right,7,-0.012303552,0.024156137,0.956950035,0.033668662,0.008282879,0.020605479,7.142857143,4.01781746,68.42857143,12.47473637,-0.402497909,0.066083576,1.706282146,0.147934443,-2.274891115,0.818657725,25.61207369,4.160357414,4.570128767,1.479165424,2.818283405,0.382780144,26.24781126,15.58179228,74.42854612,22.86598577,389,0.010930966,0.028622225,0.230473752,0.268886044,0.345710627,0.207399956,0.20934894,0.278223201,86.77777778,9
maya_raw_scaled,bend_elbows,1502202102b.xlsx,0,left,7,0.007134098,0.025915188,1.004974468,0.020784814,0.045141487,0.040129167,9.285714286,4.111540089,70.57142857,3.690399385,-0.407468029,0.022912476,1.265043359,0.086988489,-0.095128121,0.119883068,17.33128309,2.190856819,3.685647727,1.633482291,2.87836093,0.404310805,18.29367946,21.80492075,63.2706764,16.92151849,384,0.009951685,0.029742112,0.350194553,0.233463035,0.311284047,0.109766068,0.244260695,0.421051759,96.375,8
maya_raw_scaled,bend_elbows,1502202102b.xlsx,0,right,7,-0.00062666,0.022744412,0.961369725,0.033869523,0.006675909,0.016192638,8.857142857,3.670993119,67.14285714,5.756983337,-0.418706088,0.029763486,1.745177376,0.166133139,-1.24093634,1.28506871,28.31198966,2.837263694,3.603179289,1.432282862,2.925637896,0.454528161,20.94577084,13.15224381,61.14503109,23.38966962,384,0.010662133,0.030054104,0.350194553,0.233463035,0.311284047,0.116508618,0.247478366,0.418067604,96.375,8
maya_raw_scaled,bend_elbows,1502202103a.xlsx,1,left,9,0.052112852,0.133513607,1.01202712,0.021961315,0.034708544,0.052689401,5.888888889,2.666666667,52.66666667,13.55544171,-0.584145323,0.211888241,1.871745334,0.447118865,-3.186485855,2.688446209,28.54316211,7.794900239,5.133925585,1.442943176,2.795108855,0.62612815,26.59345008,24.17854723,76.98086397,26.72118088,388,0.011079964,0.030355106,0.154241645,0.269922879,0.30848329,0.193273468,0.238602754,0.265978014,97.25,8
maya_raw_scaled,bend_elbows,1502202103a.xlsx,1,right,8,0.047732643,0.143276029,0.977241922,0.070275013,0.060189941,0.138908922,7.125,3.681517544,52.5,16.01784719,-0.562352961,0.216049115,1.520543938,0.51087111,-1.662528739,1.510110253,20.93690835,9.974616334,4.5757291,1.955809425,2.638578839,0.70060468,23.8497799,15.74073699,75.41624877,28.35161504,388,0.011175228,0.029878252,0.154241645,0.269922879,0.30848329,0.177113392,0.235081598,0.280851546,97.25,8
maya_raw_scaled,bend_elbows,1502202105b.xlsx,0,left,7,0.006192413,0.040979966,1.012516376,0.01234929,0.071552583,0.056596015,5.571428571,0.534522484,36.71428571,6.29058253,-0.745812851,0.089358524,1.942328171,0.422648077,-3.298891955,3.075817016,28.14604369,7.269046482,5.145246018,0.630039142,3.054220179,0.339078436,32.06774936,10.1739088,81.43410043,12.5387699,347,0.010038411,0.031378935,0.431034483,0.603448276,0.301724138,0.102118852,0.184183811,0.500862649,99.42857143,7
maya_raw_scaled,bend_elbows,1502202105b.xlsx,0,right,7,-0.007904578,0.029931489,0.98898481,0.020071109,0.044445953,0.031090678,5.714285714,1.496026483,34.28571429,3.728908943,-0.78386299,0.080762706,2.350029176,0.197470262,-4.947910562,2.416343443,37.40250306,2.912547123,5.169653114,0.979361386,3.015594556,0.261984894,31.14157982,10.47383767,84.54797667,15.52128781,347,0.010583703,0.031895458,0.431034483,0.603448276,0.301724138,0.102536295,0.177546857,0.507926727,99.42857143,7
maya_raw_scaled,bend_elbows,1502202106a.xlsx,0,left,7,0.00127691,0.008473727,0.993498133,0.027121188,0.049588683,0.034316652,8.142857143,3.236694375,68.14285714,14.38087354,-0.386239046,0.103273027,1.278401511,0.39540346,-1.582156889,1.880288618,18.28798237,8.072309809,4.003046693,1.293592512,2.980878449,0.331621601,11.75516362,15.46237583,76.26226999,19.1787673,462,0.008598178,0.028455605,0.194174757,0.258899676,0.226537217,0.175074728,0.36137641,0.38133736,132.4285714,7
maya_raw_scaled,bend_elbows,1502202106a.xlsx,0,right,7,0.01072484,0.022317293,0.991708539,0.019752415,0.021032484,0.045618528,8.142857143,4.810702354,65.28571429,9.534398875,-0.406219672,0.120468603,1.349211297,0.368311404,-1.779413215,1.984932988,19.26158163,7.967107178,4.081909547,1.399007996,2.96234127,0.348563018,26.29260058,16.81296649,66.41602195,15.0723098,462,0.008646767,0.02824536,0.194174757,0.258899676,0.226537217,0.174282971,0.358161806,0.371385236,132.4285714,7
maya_raw_scaled,bend_elbows,1502202106b.xlsx,1,left,7,0.006905877,0.034562648,1.007506386,0.012432252,0.023274005,0.009813273,6.571428571,1.397276262,48.85714286,32.7639465,-0.877057309,0.504356527,1.741944304,0.894090698,-1.762501338,3.70901029,25.81762474,16.63305014,4.473853256,0.8219607,3.093956469,0.307014068,22.1164729,18.52290494,73.60983857,14.43107509,310,0.011799556,0.033845556,0.192616372,0.722311396,0.240770465,0.174137328,0.179237213,0.444007455,124.6,5
maya_raw_scaled,bend_elbows,1502202106b.xlsx,1,right,7,-0.012730324,0.015529698,1.003948233,0.019404815,0.038041206,0.039875822,6.142857143,1.864454471,40.14285714,26.05397328,-1.008142675,0.562468312,2.328765705,0.962851913,-4.107468095,5.75370404,36.99935537,18.48977413,5.021147181,1.19153235,2.869182552,0.39366652,26.27426413,11.85813481,80.16206474,18.32867758,310,0.012341907,0.034155707,0.192616372,0.722311396,0.240770465,0.161125137,0.198562044,0.450666671,124.6,5
maya_raw_scaled,bend_elbows,1901202101b.xlsx,0,left,7,0.001934398,0.021265621,0.978465679,0.022654517,-0.004204411,0.010813763,13,6.191391874,62.14285714,6.718843438,-0.474274318,0.051824183,1.777904838,0.260107835,-0.724217267,1.20144352,29.34670317,6.733439093,2.858223338,1.718414077,2.589847907,0.401159114,7.752378246,14.4413184,57.47817238,23.16556398,573,0.006653049,0.021597,0.026132404,0.287456446,0.31358885,0.206150216,0.239687089,0.286725213,95.66666667,12
maya_raw_scaled,bend_elbows,1901202101b.xlsx,1,right,7,0.036174004,0.03831164,1.000568459,0.01780267,0.0408086,0.055455945,12,7.16472842,74.14285714,7.197883287,-0.386837483,0.027967156,1.132080917,0.102698803,-0.097270821,0.242092491,14.65028228,2.840829484,3.233796977,1.925833034,2.580618583,0.640396071,12.57739566,17.70506245,59.61834295,25.30121116,573,0.006144802,0.019561468,0.026132404,0.287456446,0.31358885,0.179678567,0.206043625,0.26333901,95.66666667,12
maya_raw_scaled,bend_elbows,1901202101b.xlsx2,0,left,11,0.000755167,0.009184878,0.986552231,0.017195125,0.017551232,0.043858403,13.36363636,6.637359826,48,8.797726979,-0.59765621,0.121603018,1.994271187,0.256354213,-2.858842376,1.769207893,29.62831426,6.367988626,2.769824253,1.458264397,2.352958723,0.322906857,7.809426193,11.70389262,48.87639816,17.24017002,645,0.007857302,0.02471483,0.278637771,0.301857585,0.255417957,0.151240548,0.172559489,0.437162899,117.4545455,11
maya_raw_scaled,bend_elbows,1901202101b.xlsx2,0,right,11,0.084854369,0.024204702,0.995451324,0.008672537,0.069368321,0.022867192,22,11.35781669,67,8.402380615,-0.418901994,0.05215736,1.069612558,0.14223877,-0.068941075,0.054457376,13.65072311,2.949863546,1.857785991,1.592006642,1.763295851,0.755337503,8.689758382,18.54286273,31.00447828,19.80036657,645,0.00652809,0.022416176,0.301857585,0.278637771,0.255417957,0.152309628,0.165142551,0.404259025,117.4545455,11
maya_raw_scaled,bend_elbows,2001202101a.xlsx,0,left,7,-0.006314876,0.008974091,0.95443588,0.010935309,-0.00218391,0.012486318,7.571428571,2.225394561,68.14285714,7.244045174,-0.407311399,0.035981213,1.622192915,0.263392861,-2.120153881,1.335770534,22.89653246,5.762476135,3.986415101,1.039195953,2.734309743,0.322050613,12.45345467,13.17160121,70.27793451,16.2278887,477,0.008424176,0.028250161,0.721757322,0.219665272,0.251046025,0.118012135,0.145787751,0.515408717,119.5,8
maya_raw_scaled,bend_elbows,2001202101a.xlsx,0,right,8,0.011033905,0.026641216,0.876348874,0.323997217,0.051225371,0.027737201,6.25,1.982062418,63.75,24.47009837,-0.341759149,0.117826908,1.328590054,0.579006032,-1.505731531,1.357155384,20.10629337,9.635629147,4.117494184,1.921050295,2.520839366,1.126071933,23.37760793,15.14178813,64.88777359,31.29590931,477,0.008072624,0.026267201,0.50209205,0.219665272,0.251046025,0.126634867,0.133023753,0.471883576,119.5,8
maya_raw_scaled,bend_elbows,2001202101b.xlsx,0,left,8,0.011254476,0.034923188,0.847005304,0.314630928,0.046819784,0.027704435,5.5,1.069044968,58.5,21.93496882,-0.357424563,0.113015019,1.500461482,0.597381613,-2.055001423,1.19158357,22.88908578,9.771928936,4.339360831,1.8618693,2.284387153,0.949858242,21.89140195,13.70821516,66.99976278,28.18010011,436,0.008106071,0.030273652,1.201372998,0.720823799,0.2402746,0.074113119,0.154034548,0.579790654,124.8571429,7
maya_raw_scaled,bend_elbows,2001202101b.xlsx,0,right,7,0.006455976,0.017057902,0.98787885,0.032654018,0.040648716,0.029238234,6.714285714,1.603567451,66.85714286,4.059087395,-0.40310808,0.015349611,1.7612006,0.05994136,-2.646641967,0.808812917,28.08947319,1.027872281,4.421589673,1.083867837,2.918876217,0.346374259,23.91890904,14.17766743,71.59588799,18.22162894,436,0.008009022,0.028282386,0.480549199,0.720823799,0.2402746,0.073667917,0.142581534,0.5329367,124.8571429,7
maya_raw_scaled,bend_elbows,2001202102b.xlsx,1,left,9,0.003685796,0.019881471,0.967921664,0.06236198,0.026601491,0.035471513,16.66666667,10.27131929,47.22222222,13.63614478,-0.622616778,0.181021309,1.363417474,0.657332006,-1.885837697,2.273942979,17.21090046,9.74207399,2.7142726,2.094653209,2.056135213,0.947132935,11.18439198,17.22491236,45.11704959,35.85556905,501,0.008042839,0.026226199,0.209163347,0.239043825,0.268924303,0.221059103,0.316402143,0.323663286,111.5555556,9
maya_raw_scaled,bend_elbows,2001202102b.xlsx,1,right,9,0.005120131,0.013752642,0.991022228,0.02053431,0.048780211,0.043998343,13.88888889,7.474029108,55.22222222,15.36861882,-0.558197355,0.241800665,1.44552336,0.250601217,-0.945055339,1.085771459,18.78677468,4.165967799,2.716739839,1.518612328,2.433443271,0.626854846,9.801057382,15.13019668,48.83127575,23.18014327,501,0.008581304,0.027596921,0.209163347,0.268924303,0.239043825,0.232351274,0.335002656,0.346617697,125.5,8
maya_raw_scaled,bend_elbows,2112202001a.xlsx,1,left,8,0.023450013,0.025436507,1.001294986,0.013180578,0.066991398,0.046279236,7.25,2.915475947,57.5,21.16601049,-0.51149585,0.184885779,1.689883087,0.293224129,-2.647391569,1.485810159,24.75032737,6.845819461,4.284845825,1.191186269,2.668243167,0.353010994,14.77333655,13.85521305,69.2682164,18.08573231,646,0.006549745,0.019906731,0.023166023,0.301158301,0.277992278,0.215638995,0.220197252,0.222812072,107.9166667,12
maya_raw_scaled,bend_elbows,2112202001a.xlsx,1,right,7,-0.004417129,0.018550299,1.008898899,0.020701754,0.004242092,0.021497161,10.57142857,7.1846397,47.71428571,8.88283524,-0.613575248,0.135130738,2.117263023,0.210882956,-4.618517365,1.471349899,31.28228146,4.22605745,3.958279627,2.113904131,2.857320436,0.49549988,18.63960273,18.48300149,73.02511094,28.45750301,646,0.006714856,0.02103186,0.023166023,0.301158301,0.277992278,0.23010861,0.231078674,0.238107494,107.9166667,12
maya_raw_scaled,bend_elbows,2112202001a.xlsx2,1,left,14,0.07253201,0.137959264,0.832267147,0.204911862,0.062987155,0.043255502,8.5,2.623855062,31.85714286,22.13544718,-1.112525358,0.776840286,1.455887097,0.393013179,-3.286443203,4.339310537,22.08559062,6.173244306,2.940680912,1.474697083,1.953638872,0.881409652,7.479748728,13.765513,49.7247593,25.69506087,407,0.009833477,0.025850535,0.330477356,0.257037944,0.29375765,0.148493971,0.244812172,0.248314,102.125,8
maya_raw_scaled,bend_elbows,2112202001a.xlsx2,1,right,12,0.020079854,0.06486501,0.888206032,0.182617143,0.034984727,0.057242726,7.083333333,1.56427929,36.33333333,21.21463189,-1.006347976,0.718349825,1.635190331,0.502341441,-3.545335124,1.746360867,27.47818808,9.155547604,3.779321827,1.351832563,2.111811777,0.893788186,9.725241043,14.05917004,54.20321727,32.42950446,407,0.009888689,0.02786317,0.330477356,0.29375765,0.257037944,0.164003198,0.263788288,0.264701894,116.7142857,7
maya_raw_scaled,bend_elbows,2112202001b.xlsx,0,left,8,0.04469606,0.056657771,0.997001388,0.019727694,0.026832008,0.034687313,7.375,2.825268635,58.875,11.39470428,-0.4831099,0.077154237,1.637829029,0.236083213,-2.473086808,1.490089954,22.12719152,5.667630467,4.236553955,1.356672726,2.762932566,0.317750294,15.32293124,12.60520861,77.3184739,19.36457504,557,0.007668479,0.025033894,0.053763441,0.188172043,0.241935484,0.101919109,0.116274614,0.486621076,124,9
maya_raw_scaled,bend_elbows,2112202001b.xlsx,0,right,8,0.021961939,0.02976671,1.008342923,0.019101152,-0.005921582,0.018861937,6.375,1.685018016,63.125,11.23053872,-0.472778059,0.072236628,1.801588693,0.174843112,-2.486658607,1.221587238,26.46479997,3.245924337,4.618212475,1.03793209,2.95576866,0.268028768,25.88823924,12.26062086,74.86865528,15.10708928,557,0.007989082,0.026315439,0.02688172,0.188172043,0.241935484,0.105917306,0.12483747,0.515490106,124,9
maya_raw_scaled,bend_elbows,2112202002b.xlsx,0,left,7,-0.000370446,0.014180121,0.97072455,0.040049348,0.009831761,0.007943599,20.42857143,9.947481136,52.85714286,8.029706749,-0.552042873,0.091929749,1.271091871,0.140623134,-0.557309455,0.342947491,15.48549424,5.194535572,2.06910902,1.687830728,1.950525467,0.55246971,5.964077049,14.35670901,36.39305895,25.83725426,449,0.007684891,0.029325083,0.199778024,0.266370699,0.233074362,0.167938923,0.263724297,0.481136755,128.7142857,7
maya_raw_scaled,bend_elbows,2112202002b.xlsx,0,right,7,0.000342758,0.018255027,0.97600196,0.030374348,0.035615656,0.022581741,8.142857143,3.97611919,72.14285714,10.02378125,-0.397055833,0.058629612,1.415348601,0.238018693,-0.13079523,0.495360489,21.66522542,5.930560017,4.052445999,1.53194221,2.894022897,0.526142252,21.25177615,15.34845169,70.10752771,20.96436081,449,0.008497577,0.029924572,0.199778024,0.266370699,0.233074362,0.171348353,0.257166929,0.491799968,128.7142857,7
maya_raw_scaled,bend_elbows,2112202005a.xlsx,1,left,4,0.023070621,0.006397441,0.977641696,0.010435839,-0.003391468,0.015456795,11.5,4.358898944,48.75,15.90335394,-0.654558026,0.29681946,1.898554606,0.453879673,-3.142432272,3.452421926,28.07518345,6.541122313,2.741302782,1.216998739,2.140123083,0.440712958,9.006790293,9.188125278,39.74163741,13.66311221,251,0.01247427,0.036673004,0.415841584,0.356435644,0.297029703,0.194524684,0.2052797,0.369714266,101,5
maya_raw_scaled,bend_elbows,2112202005a.xlsx,1,right,4,0.010848116,0.008387445,0.949372591,0.007179335,0.011758927,0.006078688,22.25,16.11159003,42.25,8.770214745,-0.681064552,0.152774167,1.478143209,0.129627866,-0.694253809,1.331525768,19.05811202,2.127667039,1.996269334,1.476937814,2.118956196,0.990911928,10.33349528,12.01002506,33.70157674,21.36509694,251,0.011717166,0.036153673,0.415841584,0.356435644,0.297029703,0.180735923,0.194377097,0.368512689,101,5
maya_raw_scaled,bend_elbows,2112202005a.xlsx2,0,left,6,-0.001456043,0.016565515,0.953408976,0.029967214,5.30E-06,0.012009187,11.33333333,5.887840578,62.83333333,6.177917664,-0.431550018,0.056849987,1.602314511,0.167063556,-2.756738607,0.782829283,21.10077568,3.256612014,3.030570162,1.482180145,2.368106971,0.515025609,8.792173365,15.91681802,50.45662291,23.68972962,544,0.006748101,0.0220022,0.302752294,0.027522936,0.275229358,0.18141098,0.221046654,0.281866311,109,10
maya_raw_scaled,bend_elbows,2112202005a.xlsx2,0,right,6,0.001700849,0.019757565,0.920486489,0.038655846,0.001989759,0.002228941,21.5,8.961026727,60,7.745966692,-0.465089941,0.075519771,1.328785561,0.104302178,-0.323395237,0.622407029,16.24394673,2.233134321,1.844631665,1.797415262,1.968781845,0.540885726,6.718599706,15.142966,37.92572721,24.89669808,544,0.006213696,0.021817382,0.302752294,0.027522936,0.275229358,0.1774923,0.233504482,0.281272599,109,10
maya_raw_scaled,bend_elbows,902202101a.xlsx,1,left,9,0.108556968,0.11502304,0.984580818,0.042163507,0.108661605,0.117644398,12.55555556,5.85472269,46.33333333,18.6480562,-0.716059428,0.523488269,1.200888566,0.266344839,-0.782801667,0.811485496,16.96665126,6.947555636,2.578445361,1.489892623,2.099799889,0.640364679,9.000806267,10.89552238,44.85367334,25.04597923,535,0.008089481,0.022055857,0.363466915,0.055917987,0.027958993,0.159894689,0.172681781,0.200474298,1073,1
maya_raw_scaled,bend_elbows,902202101a.xlsx,1,right,9,0.040913151,0.141113612,0.972648591,0.024516795,0.071104212,0.130799351,6.111111111,1.166666667,46.66666667,18.35755975,-0.67335179,0.419892191,1.85717447,0.664814778,-3.014068062,5.036135562,28.0636966,12.22503926,4.362679836,0.803233993,2.810906839,0.424768932,25.50456028,12.95659472,69.69397147,10.00397805,535,0.008843132,0.022175941,0.335507922,0.307548928,0.027958993,0.147256943,0.17310592,0.193405253,1073,1
maya_raw_scaled,bend_elbows,902202102a.xlsx,0,left,7,0.008106588,0.009654973,0.989532051,0.012632884,0.034906989,0.043649891,14.42857143,6.051367417,49.42857143,6.347102826,-0.552391297,0.063084354,1.878835224,0.275999021,-3.41818482,1.607507881,26.99444231,5.033067237,2.59298639,1.595884386,2.3403499,0.350755268,-0.347090326,4.493548846,53.09573444,26.29820906,452,0.009035608,0.029069566,0.19845645,0.231532525,0.2646086,0.173587889,0.204915631,0.463538152,113.375,8
maya_raw_scaled,bend_elbows,902202102a.xlsx,0,right,7,0.001837877,0.014996166,0.983323118,0.033004487,0.020578225,0.047557609,7.857142857,2.60950643,58,3.605551275,-0.481946183,0.026725926,1.700635835,0.311321489,-1.719727011,1.571354434,25.35011912,6.603873582,3.963368766,1.415312565,2.877015443,0.245919083,20.83348004,11.59345753,64.25704957,18.04683992,452,0.009159715,0.02883635,0.19845645,0.231532525,0.2646086,0.165565635,0.198669576,0.460401523,113.375,8
maya_raw_scaled,bend_elbows,902202104a.xlsx,1,left,7,-0.006812687,0.023640222,0.999000169,0.027988246,-0.001955944,0.021221904,6,1.825741858,39.57142857,11.23769168,-0.779751427,0.299771571,2.445370715,0.449959523,-5.627490869,2.578685814,37.3686324,7.915215617,5.05335869,1.083401294,2.956916601,0.336409022,28.36352509,10.03071045,81.05365285,13.84504317,323,0.013514719,0.032973478,0.369799692,0.092449923,0.416024653,0.216251239,0.217409571,0.290780854,72.11111111,9
maya_raw_scaled,bend_elbows,902202104a.xlsx,1,right,7,0.000993543,0.01714914,0.949337659,0.044880248,-0.015316289,0.014654089,7.142857143,2.60950643,41.57142857,11.42886904,-0.717865068,0.261716744,2.19465588,0.335021646,-4.631738142,2.77479549,33.17232811,4.289009965,4.222637084,1.429724356,2.765587393,0.296119139,23.69916152,12.88246437,66.73527118,20.78727319,323,0.013044411,0.032730328,0.369799692,0.092449923,0.416024653,0.213706445,0.222800711,0.283417258,72.11111111,9
maya_raw_scaled,bend_elbows,902202104b.xlsx,0,left,7,-0.005481453,0.017434205,0.994090264,0.013174822,0.070870632,0.026068159,6.571428571,1.718249386,37.28571429,9.123491395,-0.708907815,0.312492204,2.031431932,0.476570099,-3.64689456,3.682822358,32.72639272,6.675787789,4.660788378,1.172332766,3.073433172,0.273137391,20.49163196,18.30080451,81.80797865,14.71951517,233,0.015733359,0.037399839,0.511727079,0.383795309,0.447761194,0.161872436,0.275782583,0.375468915,67,7
maya_raw_scaled,bend_elbows,902202104b.xlsx,0,right,7,-0.00112758,0.005144008,0.982362579,0.029458134,0.067744215,0.191686041,8.285714286,5.282495803,36,8.144527815,-0.748126232,0.377485274,2.240199165,0.725060086,-5.666718824,2.100650583,35.24969719,10.2452971,4.196395948,1.427590468,2.832805746,0.242823014,16.5814383,16.32644206,76.19251473,17.06271379,233,0.015080288,0.038209784,0.511727079,0.383795309,0.447761194,0.170594833,0.278551222,0.373708594,67,7
maya_raw_scaled,bend_elbows,902202105b.xlsx,0,left,16,0.011850786,0.04156604,1.010753718,0.022380274,0.148100066,0.073855973,5.6875,0.946484724,38,6.055300708,-0.658027366,0.112204541,1.832999031,0.437288817,-3.566417326,2.132762351,27.09090584,7.313817878,5.086497863,0.830501904,2.920882046,0.294878428,30.23860586,10.31996856,78.69572098,14.07824901,628,0.008164747,0.023125305,0.405405405,0.357710652,0.381558029,0.136869621,0.321649571,0.335380504,78.625,16
maya_raw_scaled,bend_elbows,902202105b.xlsx,0,right,16,0.022007234,0.012583802,0.883920782,0.021228392,0.040635641,0.065740924,11.625,5.315072906,32.375,7.347335118,-0.79154396,0.226083524,2.183036216,0.273869789,-4.440432835,1.47869275,34.17394926,7.178625049,2.649279678,1.156489985,2.153869295,0.347953773,4.726815014,10.14242407,47.66632411,18.48302407,628,0.007361311,0.021097488,0.429252782,0.357710652,0.381558029,0.118745972,0.285011782,0.310994984,78.625,16
maya_raw_scaled,bend_elbows,902202106a.xlsx,0,left,8,0.04761457,0.050532908,0.99344222,0.01549612,0.03581082,0.040780524,12.75,7.814821084,62.25,9.617692031,-0.462463594,0.069854218,1.523067762,0.439069933,-1.285596706,1.849732364,22.83911178,7.905083707,2.938184535,1.648738443,2.387584558,0.741569595,13.8479126,17.49950966,47.44027428,27.46711573,460,0.00784387,0.028922219,0.292524377,0.22751896,0.260021668,0.201607083,0.24834305,0.453355482,115.375,8
maya_raw_scaled,bend_elbows,902202106a.xlsx,0,right,8,0.066809274,0.061510934,0.993476755,0.007195283,0.048599475,0.011507603,18,3.338091842,62,7.329003051,-0.462243294,0.052848082,1.256663152,0.187709347,-0.011606049,0.065235571,17.90092395,4.575271124,1.580940049,0.274936604,1.154742072,0.200120202,0.014242834,1.022165033,17.15526214,4.32379407,460,0.006756335,0.028323105,0.292524377,0.22751896,0.260021668,0.192498979,0.244565142,0.450967587,115.375,8
maya_raw_scaled,bend_elbows,902202106b.xlsx,0,left,8,0.046995623,0.070800822,0.988878619,0.019739496,0.010518284,0.02509731,8.5,4.898979486,52.25,4.527692569,-0.544501497,0.04800208,1.93519399,0.148684803,-2.492771645,1.925350596,29.54022347,3.922388907,3.917148067,1.537930151,2.560312155,0.471040421,14.93237228,19.05644153,67.17181335,23.84522718,360,0.012099367,0.029777887,0.332409972,0.373961219,0.415512465,0.187356296,0.251360166,0.259915854,72.2,10
maya_raw_scaled,bend_elbows,902202106b.xlsx,0,right,8,-0.005372539,0.028511148,1.011076479,0.024711844,-0.002237512,0.03134049,10.625,6.186101934,53.875,6.599512969,-0.536402389,0.059431784,1.978912009,0.318540381,-3.362117408,1.931908097,29.25605581,5.724044894,3.766854772,2.047991922,2.705079024,0.565103234,17.34929759,16.64046197,65.23268399,28.93032264,360,0.012470751,0.030216964,0.332409972,0.415512465,0.373961219,0.185897537,0.24768641,0.26094445,80.22222222,9
maya_raw_scaled,raise_arms_bend_elbows,0812202001a.xlsx,0,left,7,0.003555534,0.024258008,0.885609852,0.019368839,0.019574442,0.036482398,13.85714286,7.221001118,62.85714286,9.263343015,-0.400860136,0.094028691,1.211441453,0.180130329,-1.092106911,1.096022434,14.09298288,2.979336728,2.530315245,1.608251023,2.145510387,0.520772161,9.56707622,18.97953422,44.37306915,23.51841965,524,0.006744461,0.024248013,0.657142857,0.2,0.228571429,0.127256397,0.247838639,0.401879585,131.25,8
maya_raw_scaled,raise_arms_bend_elbows,0812202001a.xlsx,0,right,7,0.0035539,0.006612008,0.867731085,0.032920861,0.02244414,0.052913902,15.85714286,11.09697513,66.85714286,11.06689615,-0.381482619,0.095608513,0.972324935,0.147229989,-0.35453712,0.704010105,9.680271608,2.700357969,2.400274724,1.60446389,1.853461962,0.424300687,8.990426968,14.93050182,38.21484575,23.26998153,524,0.007151978,0.024351356,0.657142857,0.2,0.228571429,0.121658259,0.24586801,0.411585042,131.25,8
maya_raw_scaled,raise_arms_bend_elbows,0812202002a.xlsx,1,left,8,0.013215347,0.005322524,0.83227702,0.086760028,0.030039277,0.047574723,30.125,11.34444483,45.25,24.8121514,-1.134175663,1.57051192,1.048804127,0.737567668,-3.562731373,11.23717175,21.41032426,27.21578134,1.113023483,1.012451952,0.693813709,0.561813986,3.984708191,9.737955598,12.9325764,16.73497873,417,0.007370046,0.023941988,0.286738351,0.215053763,0.250896057,0.144063777,0.162444617,0.345197994,119.5714286,7
maya_raw_scaled,raise_arms_bend_elbows,0812202002a.xlsx,1,right,7,0.008071562,0.006343766,0.88783253,0.018344338,0.025787184,0.052826387,34.57142857,2.6367368,52.42857143,13.83060788,-0.521875299,0.15377127,0.801704841,0.047808646,-0.327734901,0.627555909,7.574386816,1.098613834,0.76530015,0.059924398,0.713896289,0.172279804,0.109138211,0.092529959,7.970614818,1.650369257,417,0.007073886,0.025591182,0.17921147,0.215053763,0.250896057,0.13021653,0.188342757,0.388259524,119.5714286,7
maya_raw_scaled,raise_arms_bend_elbows,0812202002b.xlsx,1,left,7,0.031640458,0.038555834,0.859607958,0.023638475,0.022036732,0.035447024,31.28571429,6.524678427,48,17.55942292,-0.704222531,0.634668427,1.125177513,1.392814218,-1.671388491,3.987845482,18.12178341,34.17478974,0.810342066,0.138054538,0.462566256,0.093074624,0.317688179,0.304118424,6.338773104,1.351905806,379,0.007418182,0.024574395,0.315789474,0.197368421,0.276315789,0.152444636,0.223027103,0.316401644,108.5714286,7
maya_raw_scaled,raise_arms_bend_elbows,0812202002b.xlsx,1,right,7,0.005950247,0.00514905,0.861128933,0.02317031,0.025036894,0.044340161,29.28571429,7.409774754,53.71428571,11.62919151,-0.479126261,0.096656928,0.721408877,0.052664975,-0.242570652,0.484410196,6.745532298,1.173146248,0.929096904,0.265441234,0.689824488,0.125765224,0.211553307,0.112236606,8.025496238,1.753515216,379,0.007698744,0.026072255,0.315789474,0.197368421,0.276315789,0.152768391,0.211367276,0.357816653,108.5714286,7
maya_raw_scaled,raise_arms_bend_elbows,1212202001a.xlsx,1,left,3,0.010289013,0.011048063,0.829456441,0.033512249,0.000758975,0.013580449,17.33333333,3.785938897,42.66666667,32.65475973,-1.75887295,2.337353072,1.345194884,0.792412632,-8.996021042,15.00937119,29.04704603,35.58024074,1.454811101,0.316919093,1.068506107,0.370052378,1.185459887,1.668792677,21.77928245,9.017173938,189,0.010608516,0.03479035,0.315789474,0.078947368,0.236842105,0.200060931,0.277589622,0.298071417,126.6666667,3
maya_raw_scaled,raise_arms_bend_elbows,1212202001a.xlsx,1,right,5,0.009587307,0.022596024,0.891534891,0.070407058,0.012680573,0.016932175,19.2,10.13410085,27.2,28.23473039,-2.626024207,2.197920834,2.061885414,1.120718741,-11.95798571,18.02991123,51.35844494,43.30748192,2.015571671,1.876702312,1.252792793,0.853788514,7.592419089,17.51274998,22.31388904,26.60872869,189,0.012646836,0.036008116,0.315789474,0.236842105,0.078947368,0.186976265,0.256787792,0.283189414,380,1
maya_raw_scaled,raise_arms_bend_elbows,1312202001a.xlsx,0,left,7,0.017196671,0.006901047,0.954167635,0.035958903,0.023975083,0.01434075,24.14285714,4.63424109,62.85714286,20.02022787,-0.470286134,0.113016255,1.071788407,0.180708641,-0.195765411,0.169572149,11.35363376,4.27906315,1.197808202,0.220147347,1.008416579,0.191516847,0.155796273,0.17205379,12.69340569,2.778966486,609,0.006247711,0.024110062,0.024570025,0.196560197,0.221130221,0.179325121,0.313909086,0.320965126,135.6666667,9
maya_raw_scaled,raise_arms_bend_elbows,1312202001a.xlsx,0,right,7,0.032356089,0.01151593,0.896532032,0.069891303,0.056597702,0.064159945,22.57142857,9.863352082,63.85714286,22.34896397,-0.438309576,0.188441335,0.946749519,0.19200194,-0.503666946,0.10886551,11.54708435,3.037430553,1.31139267,0.514051198,1.056595426,0.205582182,1.708289664,1.820578572,14.75521688,3.49520945,609,0.006028469,0.023370296,0.024570025,0.196560197,0.221130221,0.177552697,0.303542449,0.310381211,135.6666667,9
maya_raw_scaled,raise_arms_bend_elbows,1502202101b.xlsx,0,left,8,0.007082263,0.00514539,0.931015745,0.024885069,0.018079732,0.032547537,28.75,3.882193783,52.875,12.35703964,-0.538960238,0.14494129,0.809863388,0.15593893,-0.350600481,0.441573293,6.89413447,1.64939963,0.972874567,0.109242438,0.776614794,0.07243525,0.147944573,0.312058007,7.70067781,0.876144108,530,0.006101835,0.023606234,0.282485876,0.225988701,0.254237288,0.163189533,0.257026947,0.332172406,118,9
maya_raw_scaled,raise_arms_bend_elbows,1502202101b.xlsx,0,right,8,0.016346023,0.00550673,0.868947514,0.018906625,0.029338694,0.048546382,26.25,4.464142855,61.75,13.37107753,-0.414694887,0.064443204,0.780695354,0.115904506,-0.286257135,0.726597473,7.23907551,1.257881657,1.000470682,0.198273126,0.93096267,0.068775107,0.153425767,0.125564064,11.54264624,1.964046131,530,0.005893102,0.022361877,0.282485876,0.225988701,0.254237288,0.156498811,0.245533554,0.309146123,118,9
maya_raw_scaled,raise_arms_bend_elbows,1502202103a.xlsx,1,left,7,0.011993042,0.015897841,0.792271804,0.03717708,0.013524554,0.024450224,14,11.41636253,52.57142857,4.995235826,-0.446591079,0.073054831,0.924242003,0.170378277,-0.543218793,0.236075057,8.924467728,2.199507424,2.624353024,1.570345967,1.754276361,0.598420436,13.68923416,15.27094445,42.23045456,24.0191188,499,0.006637636,0.021917602,0.14985015,0.02997003,0.26973027,0.169072607,0.17565135,0.200012918,111.2222222,9
maya_raw_scaled,raise_arms_bend_elbows,1502202103a.xlsx,1,right,7,-0.011953582,0.011821158,0.776578231,0.069392803,0.036159257,0.09594249,14.28571429,11.99603109,55.57142857,14.29285536,-0.420710027,0.120255334,0.75859113,0.100022525,-0.388222282,0.591254949,7.558069397,1.649541024,2.654163112,1.626187267,1.71334247,0.655992723,12.01001286,15.10512105,44.78510701,23.84779316,499,0.006524657,0.022426292,0.14985015,0.02997003,0.26973027,0.177320985,0.181315892,0.205802312,111.2222222,9
maya_raw_scaled,raise_arms_bend_elbows,1502202103b.xlsx,1,left,9,0.044494254,0.07275105,0.808208865,0.079078693,0.052778264,0.066456461,22.22222222,11.90354756,39.55555556,15.72506845,-0.708557571,0.445659308,0.905857844,0.249696877,-0.439305182,0.617573597,10.94792401,6.331230008,1.303403173,0.756251457,1.291477844,0.571949539,-0.103748131,1.167116983,20.92037656,15.95599443,621,0.00575059,0.020059836,0.241157556,0.192926045,0.217041801,0.167164182,0.203355125,0.251696416,138.2222222,9
maya_raw_scaled,raise_arms_bend_elbows,1502202103b.xlsx,1,right,8,0.006741799,0.003579475,0.837496721,0.024206286,0.007767922,0.008112357,30.625,9.022788609,48.375,14.09090385,-0.552219867,0.162336504,0.662359269,0.122236384,-0.103745994,0.106587099,6.562076921,1.488539065,0.891146559,0.325921121,0.997864043,0.499194488,-0.352064619,0.988713827,13.08037541,12.05713729,621,0.004468226,0.020217903,0.241157556,0.217041801,0.192926045,0.175693163,0.221289935,0.238208184,155.5,8
maya_raw_scaled,raise_arms_bend_elbows,1502202104a.xlsx,1,left,12,0.049260595,0.122205853,0.859616729,0.080421606,0.007936301,0.006503773,30.58333333,8.414903806,45.58333333,13.95094219,-0.603858569,0.163573831,0.823000233,0.160457292,-0.171558209,0.154251123,7.706933788,1.953325915,0.869552142,0.420366126,0.735455356,0.523258075,0.090680183,0.465700678,10.98128411,12.83818122,578,0.005735499,0.019823679,0.259067358,0.336787565,0.310880829,0.144519797,0.154981364,0.275966363,96.5,12
maya_raw_scaled,raise_arms_bend_elbows,1502202104a.xlsx,1,right,13,0.090298185,0.149355633,0.741623829,0.126766111,0.027396764,0.011928739,26.30769231,10.37131152,50.53846154,20.09400982,-0.546610096,0.37606218,0.873564253,0.387932115,-0.182582104,0.6081967,9.939139696,7.53103889,0.817322225,0.415926546,0.710135207,0.417396474,0.634586323,1.067082943,12.75008566,11.57457052,578,0.005621873,0.017936833,0.259067358,0.336787565,0.310880829,0.114615472,0.116864974,0.262401487,96.5,12
maya_raw_scaled,raise_arms_bend_elbows,1502202105b.xlsx,1,left,9,0.016536381,0.012743183,0.916630765,0.060059485,0.019650464,0.01794064,18,6.5,73.44444444,51.61422069,-0.42747002,0.112924456,1.148765612,0.208844869,-0.996963493,1.281403933,14.98293915,3.517733466,1.856529584,1.388298364,1.677694385,0.700370981,4.632004314,14.84608614,30.68638276,23.48805947,708,0.005312114,0.021824336,0.021156559,0.232722144,0.211565585,0.20865521,0.240794012,0.372601412,141.8,10
maya_raw_scaled,raise_arms_bend_elbows,1502202105b.xlsx,1,right,9,0.018848739,0.022151033,0.823405729,0.049323844,0.024589018,0.017209672,22.44444444,6.002314368,53.77777778,9.718253158,-0.453129024,0.07769386,1.010291667,0.198218075,-0.321998884,0.173050475,11.98043787,4.291824157,1.129784629,0.265451747,0.919244913,0.200127849,-0.161506295,0.50461594,13.15699839,2.553215971,708,0.004303651,0.019191098,0.14809591,0.232722144,0.211565585,0.127519261,0.193613655,0.366810361,141.8,10
maya_raw_scaled,raise_arms_bend_elbows,1502202106a.xlsx,0,left,7,0.009906551,0.007263737,0.817516535,0.033998324,0.020436084,0.042645225,25.71428571,3.817254062,62.71428571,9.995236961,-0.380681685,0.056847403,0.751027579,0.121935994,-0.267272905,0.462156605,5.990770722,1.487336748,0.951114731,0.111637973,0.750741015,0.185508807,0.22782995,0.561494289,8.514246598,2.211641787,509,0.006105324,0.022848796,0.264446621,0.205680705,0.235063663,0.13637693,0.286992271,0.309568239,127.625,8
maya_raw_scaled,raise_arms_bend_elbows,1502202106a.xlsx,0,right,7,0.019233307,0.035192498,0.851509917,0.024144803,0.01514729,0.020964577,32.85714286,7.55928946,56.14285714,13.99319563,-0.467659503,0.117249821,0.824378243,0.128847442,-0.237373196,0.291198808,9.292896248,1.522748949,0.785183433,0.153287136,0.733386068,0.214653925,-0.024967843,0.242303491,10.15159442,2.907445733,509,0.006752498,0.02364783,0.264446621,0.205680705,0.235063663,0.138160063,0.286962088,0.347572537,127.625,8
maya_raw_scaled,raise_arms_bend_elbows,1502202107b.xlsx,0,left,7,0.048881676,0.050678827,0.95703691,0.043808356,0.015643402,0.013091493,18.14285714,6.792853387,40.85714286,10.97616465,-0.758108052,0.32376168,1.285991927,0.260952493,-0.021700713,1.088949908,19.10489642,9.707630246,1.684017054,0.658559108,1.493876429,0.245183662,0.130027126,0.97717283,25.96415465,8.43053477,463,0.006338855,0.024714744,0.161637931,0.452586207,0.226293103,0.103999822,0.182330181,0.426357996,132.5714286,7
maya_raw_scaled,raise_arms_bend_elbows,1502202107b.xlsx,0,right,7,-0.003139982,0.016718162,0.889187998,0.028063028,0.030590395,0.042586347,24.85714286,6.335839103,52.85714286,13.38442592,-0.507674104,0.111104084,0.76085173,0.111481168,-0.082241724,0.083005516,7.449160133,2.18749111,1.14890539,0.356616407,1.133875278,0.72387057,-0.217366756,1.540265051,16.86400026,18.91190889,463,0.005997139,0.023521314,0.161637931,0.452586207,0.226293103,0.108354563,0.133706904,0.430462462,132.5714286,7
maya_raw_scaled,raise_arms_bend_elbows,1901202101a.xlsx,1,left,12,0.048430912,0.032594879,0.272355543,0.142802293,0.031650091,0.036176897,8.75,4.136863107,9.25,5.479299889,-0.878033297,0.505024678,0.880938784,0.823608859,-5.243800438,6.851071168,21.52643781,16.28173881,0.744491085,0.378544868,0.558848786,0.320189493,5.74015552,6.899629253,8.720471526,4.672350614,365,0.005486033,0.012405841,0.163934426,0.327868852,0.081967213,0.08388435,0.089031661,0.1049678,366,2
maya_raw_scaled,raise_arms_bend_elbows,1901202101a.xlsx,1,right,6,0.007225758,0.020467503,0.918652825,0.036862108,0.022476939,0.016447735,9.5,4.7644517,54.33333333,18.51125784,-0.555012771,0.246938225,1.031162921,0.182471843,-0.3550015,0.798523926,10.45082169,2.599565777,3.477306694,1.671225222,2.34628701,0.627135323,12.13983537,17.80423298,60.90304977,28.0324522,365,0.008862171,0.026102985,0.409836066,0.081967213,0.491803279,0.172478271,0.200463034,0.212945158,61,12
maya_raw_scaled,raise_arms_bend_elbows,1901202101a.xlsx2,1,left,7,0.034501449,0.09864691,0.918596648,0.046553917,0.054949949,0.092769756,5.857142857,1.864454471,55,5.033222957,-0.466161173,0.036021951,1.072399741,0.320112678,-0.621909957,1.70734464,13.23182444,6.060303964,4.596516392,1.030561987,2.935567205,0.468725343,15.3796389,30.73148939,82.2798488,15.42750512,243,0.012362492,0.030513396,0.06147541,0.368852459,0.430327869,0.101823217,0.216417643,0.339737571,69.71428571,7
maya_raw_scaled,raise_arms_bend_elbows,1901202101a.xlsx2,1,right,7,0.071069022,0.093187338,0.911028179,0.026723752,0.055987191,0.055616897,5.142857143,1.345185418,53.71428571,5.345224838,-0.460024921,0.035347099,0.936299682,0.24052558,-0.775431264,1.92494581,9.356653913,4.673940191,4.664703505,0.720541645,2.493382725,0.334114845,30.68203342,6.190848563,75.62707172,15.67284159,243,0.012455719,0.030996078,0.06147541,0.368852459,0.430327869,0.095396534,0.232615515,0.347058896,69.71428571,7
maya_raw_scaled,raise_arms_bend_elbows,2001202101a.xlsx,0,left,7,0.010083533,0.028364062,0.880772354,0.053172423,0.058457429,0.03113596,30.42857143,13.59971989,39.85714286,9.209208642,-0.630585918,0.125823179,0.920282275,0.066736206,-0.739361781,0.956372577,8.43191893,2.036062662,1.172602258,0.970592238,1.522202887,0.464386157,-0.402091541,0.694445108,27.94774495,18.84869126,476,0.005447333,0.02416245,0.879581152,0.439790576,0.219895288,0.067147869,0.146640546,0.485926806,136.4285714,7
maya_raw_scaled,raise_arms_bend_elbows,2001202101a.xlsx,0,right,7,0.025897468,0.023451994,0.90836908,0.019381622,0.061927076,0.011835543,16.71428571,6.676183683,44.28571429,9.178131359,-0.581793896,0.090847075,1.252729962,0.096900724,-0.326318541,0.202645317,16.46276838,2.036620306,1.996910479,1.442548485,1.888473206,0.533055542,6.361429379,17.21482207,31.54365633,15.89139928,476,0.006039258,0.025066906,0.879581152,0.439790576,0.219895288,0.076874134,0.173863533,0.492750525,136.4285714,7
maya_raw_scaled,raise_arms_bend_elbows,2112202002a.xlsx,0,left,8,0.039852089,0.053749685,0.894768317,0.019357273,0.026876846,0.025170401,23.125,3.642506986,67.125,13.75746551,-0.402547934,0.098524017,0.89212747,0.149393223,-0.078123005,0.172728348,10.38414722,2.662653557,1.12097138,0.155892336,0.648881111,0.130939585,0.12022946,1.078108419,8.755072812,1.725215074,509,0.005145512,0.024143829,0.264446621,0.235063663,0.205680705,0.152453695,0.282456052,0.368461229,145.8571429,7
maya_raw_scaled,raise_arms_bend_elbows,2112202002a.xlsx,0,right,8,0.043112046,0.033837745,0.923167917,0.018963803,0.024326207,0.045746723,29.25,9.543135154,57.25,9.602826965,-0.480979112,0.105297576,0.828923528,0.115102526,-0.223769284,0.255741423,6.498994093,1.890640078,0.965495388,0.227815137,0.762802012,0.169644127,-0.200977419,0.424377958,9.551391425,2.609255381,509,0.005042328,0.0253152,0.264446621,0.235063663,0.205680705,0.158927973,0.286710723,0.395936328,145.8571429,7
maya_raw_scaled,raise_arms_bend_elbows,2112202003b.xlsx,0,left,7,0.030114017,0.02120724,0.87136169,0.020462133,0.007374232,0.004719114,26,7.874007874,49.14285714,4.84522347,-0.52861903,0.056970441,1.013388859,0.12254766,-0.231895641,0.12543844,11.15912905,2.856353872,1.05374647,0.343559303,0.973569722,0.353035339,-0.027050697,0.304425777,13.39942783,6.508315834,742,0.004046068,0.020410011,0.020188425,0.201884253,0.222072678,0.235008194,0.260944397,0.310051558,135.0909091,11
maya_raw_scaled,raise_arms_bend_elbows,2112202003b.xlsx,0,right,7,0.033483498,0.038503332,0.876794929,0.012296581,0.009448712,0.012253245,31.85714286,7.448234051,48,9.110433579,-0.561641688,0.13839942,0.944105658,0.062760562,-0.177991328,0.243168939,8.222812249,1.308196759,0.836151115,0.223266029,0.801921007,0.246478184,-0.07233808,0.102753655,8.506066247,2.698298824,742,0.004017768,0.020694405,0.020188425,0.201884253,0.222072678,0.23169973,0.259169699,0.31737522,135.0909091,11
maya_raw_scaled,raise_arms_bend_elbows,2112202003b.xlsx2,0,left,7,0.017785862,0.013063222,0.870022996,0.015627123,0.009793067,0.005640396,26.85714286,6.440201121,46.14285714,3.760699023,-0.560135267,0.051218393,1.035482974,0.060690746,-0.247154369,0.120836926,11.19696601,1.308417215,0.998459343,0.242183183,0.997087058,0.276715058,-0.041664731,0.258574543,12.60914723,5.006958247,733,0.004142828,0.020653819,0.020435967,0.204359673,0.22479564,0.241370577,0.254869418,0.309385762,133.4545455,11
maya_raw_scaled,raise_arms_bend_elbows,2112202003b.xlsx2,0,right,7,0.011087253,0.008974859,0.88073143,0.018429293,0.009087456,0.008303473,27.42857143,6.876460884,51.14285714,4.525062483,-0.511770651,0.048336883,0.935819286,0.077308935,-0.204277505,0.273921094,8.468557928,1.353464998,0.99845551,0.229696881,0.878733093,0.238386482,-0.162649067,0.590398243,10.64825696,2.556114186,733,0.004055979,0.021187143,0.020435967,0.204359673,0.22479564,0.242097362,0.270235121,0.320600678,133.4545455,11
maya_raw_scaled,raise_arms_bend_elbows,2112202005a.xlsx,0,left,7,0.04152907,0.012245111,0.841257169,0.009778788,0.046808881,0.045503687,31.28571429,4.750939757,46,4.618802154,-0.516899008,0.035078009,0.734170956,0.085707654,-0.144393423,0.188793923,5.765441342,1.224005629,0.779745207,0.111510421,0.649309228,0.142609054,0.075882469,0.159808859,7.026622267,1.610202772,480,0.004915066,0.021892782,0.186915888,0.436137072,0.218068536,0.071154705,0.119700858,0.438255578,137.5714286,7
maya_raw_scaled,raise_arms_bend_elbows,2112202005a.xlsx,0,right,7,0.00604887,0.008070134,0.861600248,0.014547557,0.022275002,0.049710886,29.85714286,4.84522347,52.14285714,6.669047194,-0.485222613,0.046159573,0.704109231,0.051806876,-0.099369273,0.180790018,5.478549403,0.63192294,0.88097957,0.171434628,0.655257415,0.125943332,0.077539944,0.131642207,7.66922079,1.767291681,480,0.005116518,0.023134366,0.186915888,0.436137072,0.218068536,0.083282263,0.106378708,0.465882343,137.5714286,7
maya_raw_scaled,raise_arms_bend_elbows,2112202005b.xlsx,1,left,7,0.064748387,0.010728663,0.733902166,0.048056332,0.06600679,0.035671112,20.28571429,9.068522219,64.57142857,14.24613565,-0.318373148,0.070232217,0.904731337,0.228176026,-0.139172491,0.264465945,16.42202977,6.85281978,1.074849491,0.260434216,0.617639737,0.247974848,0.742409394,0.893901178,10.06947571,5.320833635,613,0.004662752,0.017949337,0.122050448,0.146460537,0.244100895,0.169429726,0.178287812,0.209772998,122.9,10
maya_raw_scaled,raise_arms_bend_elbows,2112202005b.xlsx,1,right,7,0.032277835,0.025092083,0.836859888,0.023475736,0.023666627,0.012574284,23,5.537749242,62.85714286,14.4387046,-0.401572754,0.086794771,0.597604871,0.0592868,-0.296808763,0.169230204,5.17598799,0.995147004,1.090911177,0.237259805,0.648857805,0.212405961,-0.21321622,0.368630882,9.755093918,4.338995516,613,0.004597695,0.019456786,0.122050448,0.146460537,0.244100895,0.173169466,0.194199731,0.239595839,122.9,10
maya_raw_scaled,raise_arms_bend_elbows,2112202005b.xlsx2,1,left,8,0.048800376,0.022926666,0.728305605,0.062839965,0.06489937,0.043282824,18,4.840306956,55.25,11.10662608,-0.376335715,0.112259463,0.926307706,0.084728614,-0.158297401,0.155496114,15.64246401,3.499172774,1.170953424,0.270936439,0.591621657,0.210513232,0.89594211,0.569323911,12.98254241,4.769421439,526,0.004941748,0.017676674,0.256166983,0.028462998,0.284629981,0.175254679,0.17797234,0.179643732,105.4,10
maya_raw_scaled,raise_arms_bend_elbows,2112202005b.xlsx2,1,right,8,0.024038659,0.026861428,0.854908088,0.020153757,0.042479851,0.061523527,22.875,4.257346591,48.625,10.18314434,-0.51876439,0.126355854,0.775324123,0.06384394,-0.237562602,0.313284456,9.124350949,1.485349017,1.119354643,0.23860846,0.793736024,0.339380668,-0.092262187,0.406195807,14.21251234,6.492316824,526,0.005408972,0.020640381,0.256166983,0.284629981,0.028462998,0.192619497,0.204221922,0.214375229,1054,1
maya_raw_scaled,raise_arms_bend_elbows,902202101a.xlsx,0,left,8,0.008732814,0.006327804,0.852647673,0.020734946,0.005440166,0.005875532,25.125,3.313931631,60.25,5.650537269,-0.424074485,0.041791472,0.669405509,0.069963295,-0.110339785,0.106765965,5.917067917,0.777200956,1.020933504,0.156866917,0.69808598,0.138276993,0.280697546,0.155674975,7.50241499,2.391629677,727,0.004114324,0.02041345,0.061770762,0.205902539,0.226492793,0.14846022,0.29532057,0.301509207,132.4545455,11
maya_raw_scaled,raise_arms_bend_elbows,902202101a.xlsx,0,right,8,0.011599048,0.006318542,0.750990316,0.037250979,0.007769704,0.002844623,23.375,7.595816518,52.375,8.382592507,-0.43722221,0.109266648,0.737132824,0.046944534,-0.151990419,0.069850289,7.225812222,0.969975596,1.002878082,0.221505799,0.693140732,0.110311116,0.114237108,0.330342973,7.794835455,1.760917124,727,0.004002887,0.019706832,0.061770762,0.205902539,0.226492793,0.159552862,0.246521372,0.278119279,132.4545455,11
maya_raw_scaled,raise_arms_bend_elbows,902202103b.xlsx,0,left,8,0.029863203,0.024387269,0.958509373,0.014279346,0.014509192,0.012780792,39.875,7.356969485,47.75,16.35979392,-0.63414598,0.144154978,0.910317127,0.041066178,-0.115560632,0.138136403,8.317768841,0.519458689,0.719614659,0.145514219,0.588713675,0.152639941,0.008149113,0.083170183,6.138341881,1.915522472,586,0.005503232,0.022966329,0.178875639,0.204429302,0.229982964,0.168229086,0.322936182,0.334465422,130.4444444,9
maya_raw_scaled,raise_arms_bend_elbows,902202103b.xlsx,0,right,9,0.039433698,0.038468434,0.845598401,0.259976089,0.0641565,0.060904115,30.88888889,11.26326379,48.55555556,20.53722907,-0.470512764,0.148085245,0.716517484,0.228396343,-0.392783333,1.036478128,7.397391522,3.419113942,0.743999912,0.293645924,0.546369436,0.311607055,0.215628313,0.255965827,6.939057877,4.164264324,586,0.004927,0.021152909,0.178875639,0.204429302,0.229982964,0.157262503,0.298369462,0.305236617,130.4444444,9
maya_raw_scaled,raise_arms_bend_elbows,902202104a.xlsx,1,left,2,-0.013738091,0.03195078,0.843523317,0.013688856,0.010364761,0.010383857,5,0,51.5,0.707106781,-0.481628634,0.010093679,1.035625435,0.171927454,-0.233727837,0.378857267,9.866006025,4.09186003,4.815376876,0.316558033,2.508293015,0.105821607,29.89508402,0.880070937,76.34417588,8.037800578,77,0.026109807,0.051368277,0.382165605,0.573248408,0.955414013,0.210545696,0.250244972,0.291270121,31.4,5
maya_raw_scaled,raise_arms_bend_elbows,902202104a.xlsx,1,right,2,-0.008769177,0.001336324,0.804050465,0.005792663,0.013412485,0.0039463,8.5,3.535533906,47.5,4.949747468,-0.500101932,0.050979071,1.001572146,0.04477884,-0.258939679,0.300941751,10.79116623,0.874723968,2.988611663,1.104340658,2.335396045,0.61679384,14.52388373,21.70624225,52.02158159,7.891974875,77,0.022535433,0.048126544,0.955414013,0.191082803,0.382165605,0.160965493,0.188255675,0.293519793,78.5,2
maya_raw_scaled,raise_arms_bend_elbows,902202104a.xlsx2,1,left,8,0.00530153,0.059245887,0.910192209,0.058717946,-0.001501329,0.017715661,9.5,5.042675027,55.625,13.07055032,-0.525273997,0.192734292,0.912559248,0.108167041,-0.14678829,0.100031568,8.333282708,2.228451612,3.419243346,1.599235107,2.280794901,0.769870135,13.84592542,17.98934533,56.95654025,27.06496302,504,0.007861106,0.025510554,0.148514851,0.267326733,0.237623762,0.203699397,0.219285782,0.261534933,126.25,8
maya_raw_scaled,raise_arms_bend_elbows,902202104a.xlsx2,1,right,9,0.003525036,0.015279469,0.90090334,0.067236963,0.05188261,0.123417631,23.77777778,6.553201084,38.11111111,12.62383108,-0.736159499,0.319712582,1.012957187,0.157412847,-0.903752055,0.893405772,10.53077125,3.075334456,1.204754939,0.316763713,1.26368119,0.507384694,-0.111995074,0.788954653,21.65720943,12.34122205,504,0.006791471,0.024012948,0.148514851,0.267326733,0.237623762,0.176149765,0.199544504,0.254540906,126.25,8
maya_raw_scaled,raise_arms_bend_elbows,902202104b.xlsx,0,left,8,0.034070578,0.113009428,0.908283509,0.02560229,0.018945346,0.041545377,10.125,3.226563851,63.625,20.04949233,-0.531957075,0.44333719,0.841153425,0.072167551,-0.248110635,0.214478552,8.608765178,2.979413985,2.871036913,1.312882962,2.187765556,0.616592821,4.278517725,12.98517538,53.36160577,26.26042393,485,0.007374037,0.02634534,0.185185185,0.216049383,0.24691358,0.12492044,0.182700981,0.44403184,121.5,8
maya_raw_scaled,raise_arms_bend_elbows,902202104b.xlsx,0,right,8,0.00187076,0.016712471,0.86718092,0.05717908,0.020044205,0.040769901,21.75,9.632534157,55.5,15.93737745,-0.511448616,0.244486108,0.804936436,0.074571441,-0.249212756,0.33903685,7.671784199,1.236195544,1.616021297,1.223760008,1.436166291,0.627579914,3.3824873,9.932184442,28.18508299,23.09089729,485,0.006413859,0.024013359,0.185185185,0.216049383,0.24691358,0.103123665,0.164404477,0.414682983,121.5,8
maya_raw_scaled,raise_arms_bend_elbows,902202106a.xlsx,0,left,8,0.006916954,0.006539884,0.857351918,0.017442133,0.018353556,0.035231353,22.5,6.369570517,49.25,6.158617656,-0.511517886,0.065281453,0.746648973,0.070521626,-0.337799119,0.32829127,4.993599383,1.353323985,1.250654769,0.513027829,1.150512599,0.60376365,-0.18462014,0.665054084,17.7005643,17.05894073,527,0.005562247,0.021572477,0.198675497,0.255439924,0.227057711,0.105923948,0.106363652,0.412284607,132.125,8
maya_raw_scaled,raise_arms_bend_elbows,902202106a.xlsx,0,right,8,0.009962565,0.010605412,0.863736157,0.050878328,0.022866808,0.038220795,30.75,7.225945316,48,6.301927143,-0.527905107,0.078794715,0.716648213,0.073003689,-0.355155134,0.286101378,6.155065225,1.439159551,0.866934791,0.187562926,0.719178231,0.470600612,0.30835227,0.251836251,10.5342757,10.11631657,527,0.005307774,0.022220262,0.255439924,0.198675497,0.227057711,0.117456194,0.122013921,0.434690975,132.125,8
