,Source,Participant,hand,rep_count,start_value_mean,start_value_std,peak_value_mean,peak_value_std,end_value_mean,end_value_std,num_frames_up_mean,num_frames_up_std,num_frames_down_mean,num_frames_down_std,vel_mean_down_mean,vel_mean_down_std,vel_sd_down_mean,vel_sd_down_std,acc_mean_down_mean,acc_mean_down_std,acc_sd_down_mean,acc_sd_down_std,vel_mean_up_mean,vel_mean_up_std,vel_sd_up_mean,vel_sd_up_std,acc_mean_up_mean,acc_mean_up_std,acc_sd_up_mean,acc_sd_up_std,freq num,magnitude mean,magnitude sd,DF3_freq,DF2_freq,DF1_freq,DF3_mag,DF2_mag,DF1_mag,CL,cycles num
0,bend_elbows,ODS,left,231,0.02099005340875876,0.06623126804175751,0.9775221431748289,0.09115617783928631,0.043990386610483365,0.05771302386196923,9.554112554112555,5.991687572786584,52.333333333333336,17.27190900218358,-0.5947750710339355,0.31975256362760146,1.6714088548483443,0.48303508407701656,-2.3767815072176894,2.4324960931169985,24.57499307940438,8.857439761158945,3.7868688092648752,1.6826685558039933,2.5754091641628682,0.625931737329068,16.610981811847733,16.54327698906596,63.373560833926156,25.48158081223924,493.0,0.007728048024831971,0.019747895060131682,0.3643724696356275,0.03036437246963563,0.39473684210526316,0.15060365634638082,0.16383700735533024,0.18489468968302833,76.0,13.0
1,bend_elbows,ODS,left,231,0.02099005340875876,0.06623126804175751,0.9775221431748289,0.09115617783928631,0.043990386610483365,0.05771302386196923,9.554112554112555,5.991687572786584,52.333333333333336,17.27190900218358,-0.5947750710339355,0.31975256362760146,1.6714088548483443,0.48303508407701656,-2.3767815072176894,2.4324960931169985,24.57499307940438,8.857439761158945,3.7868688092648752,1.6826685558039933,2.5754091641628682,0.625931737329068,16.610981811847733,16.54327698906596,63.373560833926156,25.48158081223924,350.0,0.010298443907225216,0.0299870557522978,0.38461538461538464,0.6837606837606838,0.29914529914529914,0.1500091681485169,0.18138460765142878,0.4324042648855068,100.28571428571429,7.0
2,bend_elbows,ODS,left,231,0.02099005340875876,0.06623126804175751,0.9775221431748289,0.09115617783928631,0.043990386610483365,0.05771302386196923,9.554112554112555,5.991687572786584,52.333333333333336,17.27190900218358,-0.5947750710339355,0.31975256362760146,1.6714088548483443,0.48303508407701656,-2.3767815072176894,2.4324960931169985,24.57499307940438,8.857439761158945,3.7868688092648752,1.6826685558039933,2.5754091641628682,0.625931737329068,16.610981811847733,16.54327698906596,63.373560833926156,25.48158081223924,336.0,0.00999491872436676,0.027976533549589764,0.4,0.3111111111111111,0.35555555555555557,0.1402550507052646,0.2289675276398588,0.34079804298847366,84.375,8.0
3,bend_elbows,ODS,left,231,0.02099005340875876,0.06623126804175751,0.9775221431748289,0.09115617783928631,0.043990386610483365,0.05771302386196923,9.554112554112555,5.991687572786584,52.333333333333336,17.27190900218358,-0.5947750710339355,0.31975256362760146,1.6714088548483443,0.48303508407701656,-2.3767815072176894,2.4324960931169985,24.57499307940438,8.857439761158945,3.7868688092648752,1.6826685558039933,2.5754091641628682,0.625931737329068,16.610981811847733,16.54327698906596,63.373560833926156,25.48158081223924,452.0,0.009806718062137355,0.027568491082747126,0.330760749724366,0.3638368246968026,0.2976846747519294,0.15513612420407627,0.18979088854744067,0.3770238706759695,100.7777777777778,8.999999999999998
4,bend_elbows,ODS,left,231,0.02099005340875876,0.06623126804175751,0.9775221431748289,0.09115617783928631,0.043990386610483365,0.05771302386196923,9.554112554112555,5.991687572786584,52.333333333333336,17.27190900218358,-0.5947750710339355,0.31975256362760146,1.6714088548483443,0.48303508407701656,-2.3767815072176894,2.4324960931169985,24.57499307940438,8.857439761158945,3.7868688092648752,1.6826685558039933,2.5754091641628682,0.625931737329068,16.610981811847733,16.54327698906596,63.373560833926156,25.48158081223924,437.0,0.009394719826417274,0.028263826258630848,0.03420752565564424,0.27366020524515394,0.2394526795895097,0.15544913737074745,0.29140631858741894,0.3693226894518828,125.28571428571429,7.0
5,bend_elbows,ODS,left,231,0.02099005340875876,0.06623126804175751,0.9775221431748289,0.09115617783928631,0.043990386610483365,0.05771302386196923,9.554112554112555,5.991687572786584,52.333333333333336,17.27190900218358,-0.5947750710339355,0.31975256362760146,1.6714088548483443,0.48303508407701656,-2.3767815072176894,2.4324960931169985,24.57499307940438,8.857439761158945,3.7868688092648752,1.6826685558039933,2.5754091641628682,0.625931737329068,16.610981811847733,16.54327698906596,63.373560833926156,25.48158081223924,389.0,0.01070555994342885,0.027801758687815935,0.34615384615384615,0.2692307692307693,0.3076923076923077,0.22950416892654663,0.23326721152474908,0.24053818404574578,97.5,8.0
6,bend_elbows,ODS,left,231,0.02099005340875876,0.06623126804175751,0.9775221431748289,0.09115617783928631,0.043990386610483365,0.05771302386196923,9.554112554112555,5.991687572786584,52.333333333333336,17.27190900218358,-0.5947750710339355,0.31975256362760146,1.6714088548483443,0.48303508407701656,-2.3767815072176894,2.4324960931169985,24.57499307940438,8.857439761158945,3.7868688092648752,1.6826685558039933,2.5754091641628682,0.625931737329068,16.610981811847733,16.54327698906596,63.373560833926156,25.48158081223924,384.0,0.009971355269178386,0.0297453815169505,0.35064935064935066,0.23376623376623376,0.3116883116883117,0.10822709729139757,0.24642684891560668,0.41922724127776134,96.25,8.0
7,bend_elbows,ODS,left,231,0.02099005340875876,0.06623126804175751,0.9775221431748289,0.09115617783928631,0.043990386610483365,0.05771302386196923,9.554112554112555,5.991687572786584,52.333333333333336,17.27190900218358,-0.5947750710339355,0.31975256362760146,1.6714088548483443,0.48303508407701656,-2.3767815072176894,2.4324960931169985,24.57499307940438,8.857439761158945,3.7868688092648752,1.6826685558039933,2.5754091641628682,0.625931737329068,16.610981811847733,16.54327698906596,63.373560833926156,25.48158081223924,387.0,0.011281298306940996,0.030341527011015026,0.15444015444015444,0.2702702702702703,0.3088803088803089,0.19328385963000036,0.23893506457487046,0.265806740258858,97.125,8.0
8,bend_elbows,ODS,left,231,0.02099005340875876,0.06623126804175751,0.9775221431748289,0.09115617783928631,0.043990386610483365,0.05771302386196923,9.554112554112555,5.991687572786584,52.333333333333336,17.27190900218358,-0.5947750710339355,0.31975256362760146,1.6714088548483443,0.48303508407701656,-2.3767815072176894,2.4324960931169985,24.57499307940438,8.857439761158945,3.7868688092648752,1.6826685558039933,2.5754091641628682,0.625931737329068,16.610981811847733,16.54327698906596,63.373560833926156,25.48158081223924,346.0,0.00994326413817253,0.03143883458363547,0.4316546762589928,0.6043165467625898,0.3021582733812949,0.09903224203711895,0.18739393134818733,0.5028902976896291,99.2857142857143,6.999999999999998
9,bend_elbows,ODS,left,231,0.02099005340875876,0.06623126804175751,0.9775221431748289,0.09115617783928631,0.043990386610483365,0.05771302386196923,9.554112554112555,5.991687572786584,52.333333333333336,17.27190900218358,-0.5947750710339355,0.31975256362760146,1.6714088548483443,0.48303508407701656,-2.3767815072176894,2.4324960931169985,24.57499307940438,8.857439761158945,3.7868688092648752,1.6826685558039933,2.5754091641628682,0.625931737329068,16.610981811847733,16.54327698906596,63.373560833926156,25.48158081223924,462.0,0.008613201432252145,0.028451874042508523,0.19438444924406045,0.25917926565874727,0.22678185745140386,0.1747348137930305,0.3570461468437678,0.3862006037201092,132.2857142857143,6.999999999999999
10,bend_elbows,ODS,left,231,0.02099005340875876,0.06623126804175751,0.9775221431748289,0.09115617783928631,0.043990386610483365,0.05771302386196923,9.554112554112555,5.991687572786584,52.333333333333336,17.27190900218358,-0.5947750710339355,0.31975256362760146,1.6714088548483443,0.48303508407701656,-2.3767815072176894,2.4324960931169985,24.57499307940438,8.857439761158945,3.7868688092648752,1.6826685558039933,2.5754091641628682,0.625931737329068,16.610981811847733,16.54327698906596,63.373560833926156,25.48158081223924,310.0,0.011784865950057198,0.033845165357336164,0.19292604501607716,0.7234726688102894,0.24115755627009644,0.1773919960940452,0.18111595728514765,0.44315466685518373,124.4,5.0
11,bend_elbows,ODS,left,231,0.02099005340875876,0.06623126804175751,0.9775221431748289,0.09115617783928631,0.043990386610483365,0.05771302386196923,9.554112554112555,5.991687572786584,52.333333333333336,17.27190900218358,-0.5947750710339355,0.31975256362760146,1.6714088548483443,0.48303508407701656,-2.3767815072176894,2.4324960931169985,24.57499307940438,8.857439761158945,3.7868688092648752,1.6826685558039933,2.5754091641628682,0.625931737329068,16.610981811847733,16.54327698906596,63.373560833926156,25.48158081223924,572.0,0.0066621422127050795,0.02162212208986149,0.026155187445510025,0.2877070619006103,0.3138622493461203,0.2060495909599577,0.24145497038266406,0.2858346936739611,95.58333333333334,11.999999999999998
12,bend_elbows,ODS,left,231,0.02099005340875876,0.06623126804175751,0.9775221431748289,0.09115617783928631,0.043990386610483365,0.05771302386196923,9.554112554112555,5.991687572786584,52.333333333333336,17.27190900218358,-0.5947750710339355,0.31975256362760146,1.6714088548483443,0.48303508407701656,-2.3767815072176894,2.4324960931169985,24.57499307940438,8.857439761158945,3.7868688092648752,1.6826685558039933,2.5754091641628682,0.625931737329068,16.610981811847733,16.54327698906596,63.373560833926156,25.48158081223924,644.0,0.00787494864505312,0.024734230581887135,0.278853601859024,0.3020914020139427,0.25561580170410536,0.14746116366138032,0.17097266002455683,0.4379907587613864,117.36363636363636,11.0
13,bend_elbows,ODS,left,231,0.02099005340875876,0.06623126804175751,0.9775221431748289,0.09115617783928631,0.043990386610483365,0.05771302386196923,9.554112554112555,5.991687572786584,52.333333333333336,17.27190900218358,-0.5947750710339355,0.31975256362760146,1.6714088548483443,0.48303508407701656,-2.3767815072176894,2.4324960931169985,24.57499307940438,8.857439761158945,3.7868688092648752,1.6826685558039933,2.5754091641628682,0.625931737329068,16.610981811847733,16.54327698906596,63.373560833926156,25.48158081223924,476.0,0.008444748768117936,0.02828112808613972,0.7225130890052356,0.21989528795811517,0.2513089005235602,0.11997512107975926,0.14962094641959311,0.5147825336447673,119.375,8.0
14,bend_elbows,ODS,left,231,0.02099005340875876,0.06623126804175751,0.9775221431748289,0.09115617783928631,0.043990386610483365,0.05771302386196923,9.554112554112555,5.991687572786584,52.333333333333336,17.27190900218358,-0.5947750710339355,0.31975256362760146,1.6714088548483443,0.48303508407701656,-2.3767815072176894,2.4324960931169985,24.57499307940438,8.857439761158945,3.7868688092648752,1.6826685558039933,2.5754091641628682,0.625931737329068,16.610981811847733,16.54327698906596,63.373560833926156,25.48158081223924,435.0,0.008050515623879729,0.030327479914312217,1.202749140893471,0.7216494845360826,0.2405498281786942,0.07488081022289003,0.1557774183651476,0.582187059656259,124.7142857142857,7.000000000000001
15,bend_elbows,ODS,left,231,0.02099005340875876,0.06623126804175751,0.9775221431748289,0.09115617783928631,0.043990386610483365,0.05771302386196923,9.554112554112555,5.991687572786584,52.333333333333336,17.27190900218358,-0.5947750710339355,0.31975256362760146,1.6714088548483443,0.48303508407701656,-2.3767815072176894,2.4324960931169985,24.57499307940438,8.857439761158945,3.7868688092648752,1.6826685558039933,2.5754091641628682,0.625931737329068,16.610981811847733,16.54327698906596,63.373560833926156,25.48158081223924,500.0,0.008026162113380426,0.02624807401289881,0.20937188434695914,0.2691924227318046,0.23928215353938187,0.2202480707553303,0.3202437901226309,0.32112949451445455,125.37499999999999,8.000000000000002
16,bend_elbows,ODS,left,231,0.02099005340875876,0.06623126804175751,0.9775221431748289,0.09115617783928631,0.043990386610483365,0.05771302386196923,9.554112554112555,5.991687572786584,52.333333333333336,17.27190900218358,-0.5947750710339355,0.31975256362760146,1.6714088548483443,0.48303508407701656,-2.3767815072176894,2.4324960931169985,24.57499307940438,8.857439761158945,3.7868688092648752,1.6826685558039933,2.5754091641628682,0.625931737329068,16.610981811847733,16.54327698906596,63.373560833926156,25.48158081223924,646.0,0.006561297577128098,0.019907361540542113,0.023183925811437404,0.30139103554868624,0.2782071097372488,0.2154348635204401,0.2188891252965548,0.22416488041161028,107.83333333333334,11.999999999999998
17,bend_elbows,ODS,left,231,0.02099005340875876,0.06623126804175751,0.9775221431748289,0.09115617783928631,0.043990386610483365,0.05771302386196923,9.554112554112555,5.991687572786584,52.333333333333336,17.27190900218358,-0.5947750710339355,0.31975256362760146,1.6714088548483443,0.48303508407701656,-2.3767815072176894,2.4324960931169985,24.57499307940438,8.857439761158945,3.7868688092648752,1.6826685558039933,2.5754091641628682,0.625931737329068,16.610981811847733,16.54327698906596,63.373560833926156,25.48158081223924,407.0,0.00956345247948996,0.02596984819845129,0.33088235294117646,0.2573529411764706,0.29411764705882354,0.15035540223356306,0.24185970429705742,0.2486937763554515,102.0,8.0
18,bend_elbows,ODS,left,231,0.02099005340875876,0.06623126804175751,0.9775221431748289,0.09115617783928631,0.043990386610483365,0.05771302386196923,9.554112554112555,5.991687572786584,52.333333333333336,17.27190900218358,-0.5947750710339355,0.31975256362760146,1.6714088548483443,0.48303508407701656,-2.3767815072176894,2.4324960931169985,24.57499307940438,8.857439761158945,3.7868688092648752,1.6826685558039933,2.5754091641628682,0.625931737329068,16.610981811847733,16.54327698906596,63.373560833926156,25.48158081223924,556.0,0.007683384302514675,0.02505296785802533,0.053811659192825115,0.1883408071748879,0.242152466367713,0.10129990910949664,0.11775746816677408,0.48728288357253036,123.88888888888889,9.0
19,bend_elbows,ODS,left,231,0.02099005340875876,0.06623126804175751,0.9775221431748289,0.09115617783928631,0.043990386610483365,0.05771302386196923,9.554112554112555,5.991687572786584,52.333333333333336,17.27190900218358,-0.5947750710339355,0.31975256362760146,1.6714088548483443,0.48303508407701656,-2.3767815072176894,2.4324960931169985,24.57499307940438,8.857439761158945,3.7868688092648752,1.6826685558039933,2.5754091641628682,0.625931737329068,16.610981811847733,16.54327698906596,63.373560833926156,25.48158081223924,449.0,0.007639066256775984,0.029334048183354017,0.2,0.26666666666666666,0.23333333333333334,0.16635983842896004,0.2576837832187188,0.48583277610935915,128.57142857142856,7.000000000000001
20,bend_elbows,ODS,left,231,0.02099005340875876,0.06623126804175751,0.9775221431748289,0.09115617783928631,0.043990386610483365,0.05771302386196923,9.554112554112555,5.991687572786584,52.333333333333336,17.27190900218358,-0.5947750710339355,0.31975256362760146,1.6714088548483443,0.48303508407701656,-2.3767815072176894,2.4324960931169985,24.57499307940438,8.857439761158945,3.7868688092648752,1.6826685558039933,2.5754091641628682,0.625931737329068,16.610981811847733,16.54327698906596,63.373560833926156,25.48158081223924,251.0,0.012459845257856629,0.0366861693574802,0.41666666666666663,0.3571428571428571,0.2976190476190476,0.19558762977947944,0.1996184837096331,0.3722322928728273,100.8,5.0
21,bend_elbows,ODS,left,231,0.02099005340875876,0.06623126804175751,0.9775221431748289,0.09115617783928631,0.043990386610483365,0.05771302386196923,9.554112554112555,5.991687572786584,52.333333333333336,17.27190900218358,-0.5947750710339355,0.31975256362760146,1.6714088548483443,0.48303508407701656,-2.3767815072176894,2.4324960931169985,24.57499307940438,8.857439761158945,3.7868688092648752,1.6826685558039933,2.5754091641628682,0.625931737329068,16.610981811847733,16.54327698906596,63.373560833926156,25.48158081223924,543.0,0.00677919533070472,0.022024324962384916,0.30303030303030304,0.027548209366391185,0.27548209366391185,0.17923934715392562,0.2209288617189311,0.2825893458743363,108.89999999999999,10.0
22,bend_elbows,ODS,left,231,0.02099005340875876,0.06623126804175751,0.9775221431748289,0.09115617783928631,0.043990386610483365,0.05771302386196923,9.554112554112555,5.991687572786584,52.333333333333336,17.27190900218358,-0.5947750710339355,0.31975256362760146,1.6714088548483443,0.48303508407701656,-2.3767815072176894,2.4324960931169985,24.57499307940438,8.857439761158945,3.7868688092648752,1.6826685558039933,2.5754091641628682,0.625931737329068,16.610981811847733,16.54327698906596,63.373560833926156,25.48158081223924,535.0,0.008048213945557946,0.022051901118678056,0.36380597014925375,0.055970149253731345,0.027985074626865673,0.1589240790849475,0.1718595013706705,0.20166516296077436,1072.0,1.0
23,bend_elbows,ODS,left,231,0.02099005340875876,0.06623126804175751,0.9775221431748289,0.09115617783928631,0.043990386610483365,0.05771302386196923,9.554112554112555,5.991687572786584,52.333333333333336,17.27190900218358,-0.5947750710339355,0.31975256362760146,1.6714088548483443,0.48303508407701656,-2.3767815072176894,2.4324960931169985,24.57499307940438,8.857439761158945,3.7868688092648752,1.6826685558039933,2.5754091641628682,0.625931737329068,16.610981811847733,16.54327698906596,63.373560833926156,25.48158081223924,452.0,0.009044366376191597,0.029067517268977213,0.19867549668874174,0.2317880794701987,0.26490066225165565,0.17464732774059055,0.21033108109596316,0.46091886190920023,113.24999999999999,8.000000000000002
24,bend_elbows,ODS,left,231,0.02099005340875876,0.06623126804175751,0.9775221431748289,0.09115617783928631,0.043990386610483365,0.05771302386196923,9.554112554112555,5.991687572786584,52.333333333333336,17.27190900218358,-0.5947750710339355,0.31975256362760146,1.6714088548483443,0.48303508407701656,-2.3767815072176894,2.4324960931169985,24.57499307940438,8.857439761158945,3.7868688092648752,1.6826685558039933,2.5754091641628682,0.625931737329068,16.610981811847733,16.54327698906596,63.373560833926156,25.48158081223924,323.0,0.013532661947377322,0.03296541697140204,0.37037037037037035,0.09259259259259259,0.41666666666666663,0.21451504641837266,0.21643001898883324,0.2907017546204666,72.0,9.0
25,bend_elbows,ODS,left,231,0.02099005340875876,0.06623126804175751,0.9775221431748289,0.09115617783928631,0.043990386610483365,0.05771302386196923,9.554112554112555,5.991687572786584,52.333333333333336,17.27190900218358,-0.5947750710339355,0.31975256362760146,1.6714088548483443,0.48303508407701656,-2.3767815072176894,2.4324960931169985,24.57499307940438,8.857439761158945,3.7868688092648752,1.6826685558039933,2.5754091641628682,0.625931737329068,16.610981811847733,16.54327698906596,63.373560833926156,25.48158081223924,233.0,0.015696318798567924,0.03742523881207559,0.5128205128205129,0.3846153846153847,0.4487179487179488,0.15506012792013427,0.27579876031852235,0.3811316163592075,66.85714285714285,7.000000000000001
26,bend_elbows,ODS,left,231,0.02099005340875876,0.06623126804175751,0.9775221431748289,0.09115617783928631,0.043990386610483365,0.05771302386196923,9.554112554112555,5.991687572786584,52.333333333333336,17.27190900218358,-0.5947750710339355,0.31975256362760146,1.6714088548483443,0.48303508407701656,-2.3767815072176894,2.4324960931169985,24.57499307940438,8.857439761158945,3.7868688092648752,1.6826685558039933,2.5754091641628682,0.625931737329068,16.610981811847733,16.54327698906596,63.373560833926156,25.48158081223924,627.0,0.008179726587887981,0.023137350640915228,0.40572792362768495,0.35799522673031026,0.3818615751789976,0.1376906485066897,0.32690071143966515,0.3291777342558864,78.5625,16.0
27,bend_elbows,ODS,left,231,0.02099005340875876,0.06623126804175751,0.9775221431748289,0.09115617783928631,0.043990386610483365,0.05771302386196923,9.554112554112555,5.991687572786584,52.333333333333336,17.27190900218358,-0.5947750710339355,0.31975256362760146,1.6714088548483443,0.48303508407701656,-2.3767815072176894,2.4324960931169985,24.57499307940438,8.857439761158945,3.7868688092648752,1.6826685558039933,2.5754091641628682,0.625931737329068,16.610981811847733,16.54327698906596,63.373560833926156,25.48158081223924,460.0,0.007861477466139735,0.028925283700333648,0.29284164859002165,0.22776572668112796,0.2603036876355748,0.20256557544122364,0.2531186802547464,0.44871114886240865,115.25000000000001,7.999999999999999
28,bend_elbows,ODS,left,231,0.02099005340875876,0.06623126804175751,0.9775221431748289,0.09115617783928631,0.043990386610483365,0.05771302386196923,9.554112554112555,5.991687572786584,52.333333333333336,17.27190900218358,-0.5947750710339355,0.31975256362760146,1.6714088548483443,0.48303508407701656,-2.3767815072176894,2.4324960931169985,24.57499307940438,8.857439761158945,3.7868688092648752,1.6826685558039933,2.5754091641628682,0.625931737329068,16.610981811847733,16.54327698906596,63.373560833926156,25.48158081223924,359.0,0.012148004385128827,0.029819228846073326,0.332871012482663,0.37447988904299584,0.41608876560332875,0.18720281180723097,0.25250058250598406,0.25666686956765217,72.1,10.0
29,bend_elbows,ODS,right,227,0.016716273358285016,0.05626555035164475,0.9697568488204263,0.08508383751809614,0.03283695204114249,0.061920582054165035,10.246696035242291,7.061106553591933,54.48458149779736,17.776724370914888,-0.5770458565207546,0.30967717077891016,1.719249334579439,0.5066110015834968,-2.3289828126192473,2.5667320337961494,25.92386224933138,9.353083611447731,3.6719139715946634,1.7137080703142202,2.559399895542693,0.6695041917992078,17.48748989222844,16.099145604831254,60.855540160109406,26.107063270385435,493.0,0.007536716866592703,0.019853638467181602,0.3643724696356275,0.03036437246963563,0.39473684210526316,0.15214810711618187,0.1681659352906395,0.1858980023880642,76.0,13.0
30,bend_elbows,ODS,right,227,0.016716273358285016,0.05626555035164475,0.9697568488204263,0.08508383751809614,0.03283695204114249,0.061920582054165035,10.246696035242291,7.061106553591933,54.48458149779736,17.776724370914888,-0.5770458565207546,0.30967717077891016,1.719249334579439,0.5066110015834968,-2.3289828126192473,2.5667320337961494,25.92386224933138,9.353083611447731,3.6719139715946634,1.7137080703142202,2.559399895542693,0.6695041917992078,17.48748989222844,16.099145604831254,60.855540160109406,26.107063270385435,350.0,0.010741693282665088,0.030130542309694634,0.38461538461538464,0.6837606837606838,0.29914529914529914,0.1304039723698847,0.20358854552748656,0.41594113387014386,100.28571428571429,7.0
31,bend_elbows,ODS,right,227,0.016716273358285016,0.05626555035164475,0.9697568488204263,0.08508383751809614,0.03283695204114249,0.061920582054165035,10.246696035242291,7.061106553591933,54.48458149779736,17.776724370914888,-0.5770458565207546,0.30967717077891016,1.719249334579439,0.5066110015834968,-2.3289828126192473,2.5667320337961494,25.92386224933138,9.353083611447731,3.6719139715946634,1.7137080703142202,2.559399895542693,0.6695041917992078,17.48748989222844,16.099145604831254,60.855540160109406,26.107063270385435,336.0,0.01181272051903318,0.02975930703314338,0.6666666666666667,0.3111111111111111,0.35555555555555557,0.1642439487698174,0.24406847405375018,0.33791419454429766,84.375,8.0
32,bend_elbows,ODS,right,227,0.016716273358285016,0.05626555035164475,0.9697568488204263,0.08508383751809614,0.03283695204114249,0.061920582054165035,10.246696035242291,7.061106553591933,54.48458149779736,17.776724370914888,-0.5770458565207546,0.30967717077891016,1.719249334579439,0.5066110015834968,-2.3289828126192473,2.5667320337961494,25.92386224933138,9.353083611447731,3.6719139715946634,1.7137080703142202,2.559399895542693,0.6695041917992078,17.48748989222844,16.099145604831254,60.855540160109406,26.107063270385435,452.0,0.009240025769221056,0.026326516922769754,0.330760749724366,0.3638368246968026,0.2976846747519294,0.15345424437596172,0.1785647625739399,0.35890395819996057,100.7777777777778,8.999999999999998
33,bend_elbows,ODS,right,227,0.016716273358285016,0.05626555035164475,0.9697568488204263,0.08508383751809614,0.03283695204114249,0.061920582054165035,10.246696035242291,7.061106553591933,54.48458149779736,17.776724370914888,-0.5770458565207546,0.30967717077891016,1.719249334579439,0.5066110015834968,-2.3289828126192473,2.5667320337961494,25.92386224933138,9.353083611447731,3.6719139715946634,1.7137080703142202,2.559399895542693,0.6695041917992078,17.48748989222844,16.099145604831254,60.855540160109406,26.107063270385435,437.0,0.009359871074099399,0.027574479208394568,0.03420752565564424,0.27366020524515394,0.2394526795895097,0.1463959687557965,0.28628941634067573,0.35548644723625517,125.28571428571429,7.0
34,bend_elbows,ODS,right,227,0.016716273358285016,0.05626555035164475,0.9697568488204263,0.08508383751809614,0.03283695204114249,0.061920582054165035,10.246696035242291,7.061106553591933,54.48458149779736,17.776724370914888,-0.5770458565207546,0.30967717077891016,1.719249334579439,0.5066110015834968,-2.3289828126192473,2.5667320337961494,25.92386224933138,9.353083611447731,3.6719139715946634,1.7137080703142202,2.559399895542693,0.6695041917992078,17.48748989222844,16.099145604831254,60.855540160109406,26.107063270385435,389.0,0.010939238702846056,0.028631546027027475,0.2692307692307693,0.23076923076923078,0.34615384615384615,0.20896183229494936,0.20984601655223306,0.27826942045516706,86.66666666666667,9.0
35,bend_elbows,ODS,right,227,0.016716273358285016,0.05626555035164475,0.9697568488204263,0.08508383751809614,0.03283695204114249,0.061920582054165035,10.246696035242291,7.061106553591933,54.48458149779736,17.776724370914888,-0.5770458565207546,0.30967717077891016,1.719249334579439,0.5066110015834968,-2.3289828126192473,2.5667320337961494,25.92386224933138,9.353083611447731,3.6719139715946634,1.7137080703142202,2.559399895542693,0.6695041917992078,17.48748989222844,16.099145604831254,60.855540160109406,26.107063270385435,384.0,0.010674046865673437,0.030062566758408446,0.35064935064935066,0.23376623376623376,0.3116883116883117,0.11480262702447457,0.2496817084820275,0.416256086496636,96.25,8.0
36,bend_elbows,ODS,right,227,0.016716273358285016,0.05626555035164475,0.9697568488204263,0.08508383751809614,0.03283695204114249,0.061920582054165035,10.246696035242291,7.061106553591933,54.48458149779736,17.776724370914888,-0.5770458565207546,0.30967717077891016,1.719249334579439,0.5066110015834968,-2.3289828126192473,2.5667320337961494,25.92386224933138,9.353083611447731,3.6719139715946634,1.7137080703142202,2.559399895542693,0.6695041917992078,17.48748989222844,16.099145604831254,60.855540160109406,26.107063270385435,387.0,0.011189290662531277,0.029921734354339764,0.15444015444015444,0.2702702702702703,0.3088803088803089,0.17761819381374525,0.23681034499048242,0.2790102904738924,97.125,8.0
37,bend_elbows,ODS,right,227,0.016716273358285016,0.05626555035164475,0.9697568488204263,0.08508383751809614,0.03283695204114249,0.061920582054165035,10.246696035242291,7.061106553591933,54.48458149779736,17.776724370914888,-0.5770458565207546,0.30967717077891016,1.719249334579439,0.5066110015834968,-2.3289828126192473,2.5667320337961494,25.92386224933138,9.353083611447731,3.6719139715946634,1.7137080703142202,2.559399895542693,0.6695041917992078,17.48748989222844,16.099145604831254,60.855540160109406,26.107063270385435,346.0,0.010550760963032126,0.031941630371421295,0.4316546762589928,0.6043165467625898,0.3021582733812949,0.09934713798217151,0.1806569434359374,0.5100221321886632,99.2857142857143,6.999999999999998
38,bend_elbows,ODS,right,227,0.016716273358285016,0.05626555035164475,0.9697568488204263,0.08508383751809614,0.03283695204114249,0.061920582054165035,10.246696035242291,7.061106553591933,54.48458149779736,17.776724370914888,-0.5770458565207546,0.30967717077891016,1.719249334579439,0.5066110015834968,-2.3289828126192473,2.5667320337961494,25.92386224933138,9.353083611447731,3.6719139715946634,1.7137080703142202,2.559399895542693,0.6695041917992078,17.48748989222844,16.099145604831254,60.855540160109406,26.107063270385435,462.0,0.008673237170871158,0.028239430567131702,0.19438444924406045,0.25917926565874727,0.22678185745140386,0.17408107451572521,0.35379422622990236,0.37632552564283905,132.2857142857143,6.999999999999999
39,bend_elbows,ODS,right,227,0.016716273358285016,0.05626555035164475,0.9697568488204263,0.08508383751809614,0.03283695204114249,0.061920582054165035,10.246696035242291,7.061106553591933,54.48458149779736,17.776724370914888,-0.5770458565207546,0.30967717077891016,1.719249334579439,0.5066110015834968,-2.3289828126192473,2.5667320337961494,25.92386224933138,9.353083611447731,3.6719139715946634,1.7137080703142202,2.559399895542693,0.6695041917992078,17.48748989222844,16.099145604831254,60.855540160109406,26.107063270385435,310.0,0.0123269034494341,0.03416098938827588,0.19292604501607716,0.7234726688102894,0.24115755627009644,0.16443577123365288,0.20091588863249393,0.44996077849324,124.4,5.0
40,bend_elbows,ODS,right,227,0.016716273358285016,0.05626555035164475,0.9697568488204263,0.08508383751809614,0.03283695204114249,0.061920582054165035,10.246696035242291,7.061106553591933,54.48458149779736,17.776724370914888,-0.5770458565207546,0.30967717077891016,1.719249334579439,0.5066110015834968,-2.3289828126192473,2.5667320337961494,25.92386224933138,9.353083611447731,3.6719139715946634,1.7137080703142202,2.559399895542693,0.6695041917992078,17.48748989222844,16.099145604831254,60.855540160109406,26.107063270385435,572.0,0.006150833162761225,0.019585460824659447,0.026155187445510025,0.2877070619006103,0.3138622493461203,0.17959806979308557,0.20775126641251027,0.2626058091800412,95.58333333333334,11.999999999999998
41,bend_elbows,ODS,right,227,0.016716273358285016,0.05626555035164475,0.9697568488204263,0.08508383751809614,0.03283695204114249,0.061920582054165035,10.246696035242291,7.061106553591933,54.48458149779736,17.776724370914888,-0.5770458565207546,0.30967717077891016,1.719249334579439,0.5066110015834968,-2.3289828126192473,2.5667320337961494,25.92386224933138,9.353083611447731,3.6719139715946634,1.7137080703142202,2.559399895542693,0.6695041917992078,17.48748989222844,16.099145604831254,60.855540160109406,26.107063270385435,644.0,0.006548847733080362,0.02243252686946153,0.3020914020139427,0.278853601859024,0.25561580170410536,0.15106135050561195,0.16165060304371887,0.405253268503364,117.36363636363636,11.0
42,bend_elbows,ODS,right,227,0.016716273358285016,0.05626555035164475,0.9697568488204263,0.08508383751809614,0.03283695204114249,0.061920582054165035,10.246696035242291,7.061106553591933,54.48458149779736,17.776724370914888,-0.5770458565207546,0.30967717077891016,1.719249334579439,0.5066110015834968,-2.3289828126192473,2.5667320337961494,25.92386224933138,9.353083611447731,3.6719139715946634,1.7137080703142202,2.559399895542693,0.6695041917992078,17.48748989222844,16.099145604831254,60.855540160109406,26.107063270385435,476.0,0.008109207967157741,0.026292541813583325,0.5026178010471204,0.21989528795811517,0.2513089005235602,0.12728958853273606,0.1365879754226721,0.47126485639695737,119.375,8.0
43,bend_elbows,ODS,right,227,0.016716273358285016,0.05626555035164475,0.9697568488204263,0.08508383751809614,0.03283695204114249,0.061920582054165035,10.246696035242291,7.061106553591933,54.48458149779736,17.776724370914888,-0.5770458565207546,0.30967717077891016,1.719249334579439,0.5066110015834968,-2.3289828126192473,2.5667320337961494,25.92386224933138,9.353083611447731,3.6719139715946634,1.7137080703142202,2.559399895542693,0.6695041917992078,17.48748989222844,16.099145604831254,60.855540160109406,26.107063270385435,435.0,0.007958859860950051,0.028334782575877036,0.4810996563573884,0.7216494845360826,0.2405498281786942,0.07468464452442963,0.14438174073418739,0.5351231402531033,124.7142857142857,7.000000000000001
44,bend_elbows,ODS,right,227,0.016716273358285016,0.05626555035164475,0.9697568488204263,0.08508383751809614,0.03283695204114249,0.061920582054165035,10.246696035242291,7.061106553591933,54.48458149779736,17.776724370914888,-0.5770458565207546,0.30967717077891016,1.719249334579439,0.5066110015834968,-2.3289828126192473,2.5667320337961494,25.92386224933138,9.353083611447731,3.6719139715946634,1.7137080703142202,2.559399895542693,0.6695041917992078,17.48748989222844,16.099145604831254,60.855540160109406,26.107063270385435,500.0,0.008551105360227594,0.02763611412489727,0.20937188434695914,0.2691924227318046,0.23928215353938187,0.23121825874400842,0.33131637599990826,0.35141968535131607,125.37499999999999,8.000000000000002
45,bend_elbows,ODS,right,227,0.016716273358285016,0.05626555035164475,0.9697568488204263,0.08508383751809614,0.03283695204114249,0.061920582054165035,10.246696035242291,7.061106553591933,54.48458149779736,17.776724370914888,-0.5770458565207546,0.30967717077891016,1.719249334579439,0.5066110015834968,-2.3289828126192473,2.5667320337961494,25.92386224933138,9.353083611447731,3.6719139715946634,1.7137080703142202,2.559399895542693,0.6695041917992078,17.48748989222844,16.099145604831254,60.855540160109406,26.107063270385435,646.0,0.00671250325239673,0.021037320626004087,0.30139103554868624,0.023183925811437404,0.2782071097372488,0.2298358574398093,0.22990534330674148,0.2392735175013153,107.83333333333334,11.999999999999998
46,bend_elbows,ODS,right,227,0.016716273358285016,0.05626555035164475,0.9697568488204263,0.08508383751809614,0.03283695204114249,0.061920582054165035,10.246696035242291,7.061106553591933,54.48458149779736,17.776724370914888,-0.5770458565207546,0.30967717077891016,1.719249334579439,0.5066110015834968,-2.3289828126192473,2.5667320337961494,25.92386224933138,9.353083611447731,3.6719139715946634,1.7137080703142202,2.559399895542693,0.6695041917992078,17.48748989222844,16.099145604831254,60.855540160109406,26.107063270385435,407.0,0.010037642391179104,0.027819352587495225,0.33088235294117646,0.2573529411764706,0.29411764705882354,0.16520365307238172,0.2606703621689789,0.2633788530088419,102.0,8.0
47,bend_elbows,ODS,right,227,0.016716273358285016,0.05626555035164475,0.9697568488204263,0.08508383751809614,0.03283695204114249,0.061920582054165035,10.246696035242291,7.061106553591933,54.48458149779736,17.776724370914888,-0.5770458565207546,0.30967717077891016,1.719249334579439,0.5066110015834968,-2.3289828126192473,2.5667320337961494,25.92386224933138,9.353083611447731,3.6719139715946634,1.7137080703142202,2.559399895542693,0.6695041917992078,17.48748989222844,16.099145604831254,60.855540160109406,26.107063270385435,556.0,0.007991005060522567,0.026340790624925857,0.026905829596412557,0.1883408071748879,0.242152466367713,0.10517520855458858,0.12632638476110286,0.5162242413155333,123.88888888888889,9.0
48,bend_elbows,ODS,right,227,0.016716273358285016,0.05626555035164475,0.9697568488204263,0.08508383751809614,0.03283695204114249,0.061920582054165035,10.246696035242291,7.061106553591933,54.48458149779736,17.776724370914888,-0.5770458565207546,0.30967717077891016,1.719249334579439,0.5066110015834968,-2.3289828126192473,2.5667320337961494,25.92386224933138,9.353083611447731,3.6719139715946634,1.7137080703142202,2.559399895542693,0.6695041917992078,17.48748989222844,16.099145604831254,60.855540160109406,26.107063270385435,449.0,0.008505484508236042,0.02992422793843925,0.7333333333333333,0.26666666666666666,0.23333333333333334,0.17097725323766444,0.25109746826182117,0.49642948422947086,128.57142857142856,7.000000000000001
49,bend_elbows,ODS,right,227,0.016716273358285016,0.05626555035164475,0.9697568488204263,0.08508383751809614,0.03283695204114249,0.061920582054165035,10.246696035242291,7.061106553591933,54.48458149779736,17.776724370914888,-0.5770458565207546,0.30967717077891016,1.719249334579439,0.5066110015834968,-2.3289828126192473,2.5667320337961494,25.92386224933138,9.353083611447731,3.6719139715946634,1.7137080703142202,2.559399895542693,0.6695041917992078,17.48748989222844,16.099145604831254,60.855540160109406,26.107063270385435,251.0,0.011693016515459205,0.036164995445621094,0.41666666666666663,0.3571428571428571,0.2976190476190476,0.18174897115928304,0.18896922677657657,0.3706704140994189,100.8,5.0
50,bend_elbows,ODS,right,227,0.016716273358285016,0.05626555035164475,0.9697568488204263,0.08508383751809614,0.03283695204114249,0.061920582054165035,10.246696035242291,7.061106553591933,54.48458149779736,17.776724370914888,-0.5770458565207546,0.30967717077891016,1.719249334579439,0.5066110015834968,-2.3289828126192473,2.5667320337961494,25.92386224933138,9.353083611447731,3.6719139715946634,1.7137080703142202,2.559399895542693,0.6695041917992078,17.48748989222844,16.099145604831254,60.855540160109406,26.107063270385435,543.0,0.006233337717172034,0.021842640213226877,0.30303030303030304,0.027548209366391185,0.27548209366391185,0.17521744500597877,0.23343188976723828,0.28199419901521616,108.89999999999999,10.0
51,bend_elbows,ODS,right,227,0.016716273358285016,0.05626555035164475,0.9697568488204263,0.08508383751809614,0.03283695204114249,0.061920582054165035,10.246696035242291,7.061106553591933,54.48458149779736,17.776724370914888,-0.5770458565207546,0.30967717077891016,1.719249334579439,0.5066110015834968,-2.3289828126192473,2.5667320337961494,25.92386224933138,9.353083611447731,3.6719139715946634,1.7137080703142202,2.559399895542693,0.6695041917992078,17.48748989222844,16.099145604831254,60.855540160109406,26.107063270385435,535.0,0.008806284380512697,0.02216102603588288,0.3358208955223881,0.3078358208955224,0.027985074626865673,0.14670377992793698,0.17504684179077037,0.19469365147092685,1072.0,1.0
52,bend_elbows,ODS,right,227,0.016716273358285016,0.05626555035164475,0.9697568488204263,0.08508383751809614,0.03283695204114249,0.061920582054165035,10.246696035242291,7.061106553591933,54.48458149779736,17.776724370914888,-0.5770458565207546,0.30967717077891016,1.719249334579439,0.5066110015834968,-2.3289828126192473,2.5667320337961494,25.92386224933138,9.353083611447731,3.6719139715946634,1.7137080703142202,2.559399895542693,0.6695041917992078,17.48748989222844,16.099145604831254,60.855540160109406,26.107063270385435,452.0,0.009173773216196435,0.028832573023046558,0.19867549668874174,0.2317880794701987,0.26490066225165565,0.16664052625691783,0.2039927948321591,0.4578847916552977,113.24999999999999,8.000000000000002
53,bend_elbows,ODS,right,227,0.016716273358285016,0.05626555035164475,0.9697568488204263,0.08508383751809614,0.03283695204114249,0.061920582054165035,10.246696035242291,7.061106553591933,54.48458149779736,17.776724370914888,-0.5770458565207546,0.30967717077891016,1.719249334579439,0.5066110015834968,-2.3289828126192473,2.5667320337961494,25.92386224933138,9.353083611447731,3.6719139715946634,1.7137080703142202,2.559399895542693,0.6695041917992078,17.48748989222844,16.099145604831254,60.855540160109406,26.107063270385435,323.0,0.013195589584299616,0.03268404868604263,0.37037037037037035,0.09259259259259259,0.41666666666666663,0.2120127846846716,0.22225751480855696,0.2829516341872854,72.0,9.0
54,bend_elbows,ODS,right,227,0.016716273358285016,0.05626555035164475,0.9697568488204263,0.08508383751809614,0.03283695204114249,0.061920582054165035,10.246696035242291,7.061106553591933,54.48458149779736,17.776724370914888,-0.5770458565207546,0.30967717077891016,1.719249334579439,0.5066110015834968,-2.3289828126192473,2.5667320337961494,25.92386224933138,9.353083611447731,3.6719139715946634,1.7137080703142202,2.559399895542693,0.6695041917992078,17.48748989222844,16.099145604831254,60.855540160109406,26.107063270385435,233.0,0.015113293333553865,0.03820730869210721,0.5128205128205129,0.3846153846153847,0.4487179487179488,0.16337073094421053,0.2786568392343393,0.379621716217144,66.85714285714285,7.000000000000001
55,bend_elbows,ODS,right,227,0.016716273358285016,0.05626555035164475,0.9697568488204263,0.08508383751809614,0.03283695204114249,0.061920582054165035,10.246696035242291,7.061106553591933,54.48458149779736,17.776724370914888,-0.5770458565207546,0.30967717077891016,1.719249334579439,0.5066110015834968,-2.3289828126192473,2.5667320337961494,25.92386224933138,9.353083611447731,3.6719139715946634,1.7137080703142202,2.559399895542693,0.6695041917992078,17.48748989222844,16.099145604831254,60.855540160109406,26.107063270385435,627.0,0.0073852710825597365,0.021105061323008347,0.4295942720763723,0.35799522673031026,0.3818615751789976,0.12171378235197536,0.28988841641577745,0.30548060744974953,78.5625,16.0
56,bend_elbows,ODS,right,227,0.016716273358285016,0.05626555035164475,0.9697568488204263,0.08508383751809614,0.03283695204114249,0.061920582054165035,10.246696035242291,7.061106553591933,54.48458149779736,17.776724370914888,-0.5770458565207546,0.30967717077891016,1.719249334579439,0.5066110015834968,-2.3289828126192473,2.5667320337961494,25.92386224933138,9.353083611447731,3.6719139715946634,1.7137080703142202,2.559399895542693,0.6695041917992078,17.48748989222844,16.099145604831254,60.855540160109406,26.107063270385435,460.0,0.006798291842378364,0.028321800051287246,0.29284164859002165,0.22776572668112796,0.2603036876355748,0.19361024912187128,0.24943359764076095,0.4464351908226429,115.25000000000001,7.999999999999999
57,bend_elbows,ODS,right,227,0.016716273358285016,0.05626555035164475,0.9697568488204263,0.08508383751809614,0.03283695204114249,0.061920582054165035,10.246696035242291,7.061106553591933,54.48458149779736,17.776724370914888,-0.5770458565207546,0.30967717077891016,1.719249334579439,0.5066110015834968,-2.3289828126192473,2.5667320337961494,25.92386224933138,9.353083611447731,3.6719139715946634,1.7137080703142202,2.559399895542693,0.6695041917992078,17.48748989222844,16.099145604831254,60.855540160109406,26.107063270385435,359.0,0.01252533301919824,0.030254722337686953,0.332871012482663,0.41608876560332875,0.37447988904299584,0.18583422676664713,0.24439431685498053,0.26185657176630084,80.11111111111111,9.0
58,bend_elbows,YDS,left,311,0.32730766751048385,0.1618849808548504,0.8866210583657386,0.026258073587983377,0.33070032181962794,0.16472703128206903,20.643086816720256,10.886716178467363,89.2572347266881,77.30353706429726,-0.25158051644106144,0.18994119007779903,0.5794858464984182,0.2671130827086485,-0.41732967936130466,1.6380669979660032,7.043405821376183,4.767342933820196,0.9783368427676196,0.5490865199992723,0.8736794816568264,0.42619775495494355,1.0259523756365816,3.2025877105351555,15.158806338709832,10.572845512614625,733.0,0.0029714691157274563,0.013014924556737651,0.3678474114441417,0.388283378746594,0.32697547683923706,0.10332992873620071,0.10551300384140398,0.2051486392385882,91.75,16.0
59,bend_elbows,YDS,left,311,0.32730766751048385,0.1618849808548504,0.8866210583657386,0.026258073587983377,0.33070032181962794,0.16472703128206903,20.643086816720256,10.886716178467363,89.2572347266881,77.30353706429726,-0.25158051644106144,0.18994119007779903,0.5794858464984182,0.2671130827086485,-0.41732967936130466,1.6380669979660032,7.043405821376183,4.767342933820196,0.9783368427676196,0.5490865199992723,0.8736794816568264,0.42619775495494355,1.0259523756365816,3.2025877105351555,15.158806338709832,10.572845512614625,631.0,0.0016717163898437427,0.003430397723882425,0.16600790513833993,0.23715415019762848,0.023715415019762848,0.021635301822519895,0.02507770493071673,0.03361582792714462,1265.0,1.0
60,bend_elbows,YDS,left,311,0.32730766751048385,0.1618849808548504,0.8866210583657386,0.026258073587983377,0.33070032181962794,0.16472703128206903,20.643086816720256,10.886716178467363,89.2572347266881,77.30353706429726,-0.25158051644106144,0.18994119007779903,0.5794858464984182,0.2671130827086485,-0.41732967936130466,1.6380669979660032,7.043405821376183,4.767342933820196,0.9783368427676196,0.5490865199992723,0.8736794816568264,0.42619775495494355,1.0259523756365816,3.2025877105351555,15.158806338709832,10.572845512614625,742.0,0.0027281509554015326,0.01595718529349512,0.5047106325706595,0.18169582772543744,0.16150740242261105,0.08022627510733098,0.08882605079441282,0.3879256465388624,185.74999999999997,8.000000000000002
61,bend_elbows,YDS,left,311,0.32730766751048385,0.1618849808548504,0.8866210583657386,0.026258073587983377,0.33070032181962794,0.16472703128206903,20.643086816720256,10.886716178467363,89.2572347266881,77.30353706429726,-0.25158051644106144,0.18994119007779903,0.5794858464984182,0.2671130827086485,-0.41732967936130466,1.6380669979660032,7.043405821376183,4.767342933820196,0.9783368427676196,0.5490865199992723,0.8736794816568264,0.42619775495494355,1.0259523756365816,3.2025877105351555,15.158806338709832,10.572845512614625,641.0,0.0029610109507346724,0.015168903019837898,0.11673151750972763,0.0933852140077821,0.1867704280155642,0.05961882825827758,0.06773025729390063,0.33601698284272796,160.625,8.0
62,bend_elbows,YDS,left,311,0.32730766751048385,0.1618849808548504,0.8866210583657386,0.026258073587983377,0.33070032181962794,0.16472703128206903,20.643086816720256,10.886716178467363,89.2572347266881,77.30353706429726,-0.25158051644106144,0.18994119007779903,0.5794858464984182,0.2671130827086485,-0.41732967936130466,1.6380669979660032,7.043405821376183,4.767342933820196,0.9783368427676196,0.5490865199992723,0.8736794816568264,0.42619775495494355,1.0259523756365816,3.2025877105351555,15.158806338709832,10.572845512614625,584.0,0.004675312406963996,0.014881637309115282,0.025619128949615714,0.43552519214346713,0.4099060631938514,0.11953115938561973,0.12840948837097826,0.21436281184411188,73.1875,16.0
63,bend_elbows,YDS,left,311,0.32730766751048385,0.1618849808548504,0.8866210583657386,0.026258073587983377,0.33070032181962794,0.16472703128206903,20.643086816720256,10.886716178467363,89.2572347266881,77.30353706429726,-0.25158051644106144,0.18994119007779903,0.5794858464984182,0.2671130827086485,-0.41732967936130466,1.6380669979660032,7.043405821376183,4.767342933820196,0.9783368427676196,0.5490865199992723,0.8736794816568264,0.42619775495494355,1.0259523756365816,3.2025877105351555,15.158806338709832,10.572845512614625,635.0,0.00333557279534935,0.017244912491298135,0.589622641509434,0.21226415094339623,0.18867924528301888,0.09213362620285635,0.12166553852688511,0.36316762607708625,159.0,8.0
64,bend_elbows,YDS,left,311,0.32730766751048385,0.1618849808548504,0.8866210583657386,0.026258073587983377,0.33070032181962794,0.16472703128206903,20.643086816720256,10.886716178467363,89.2572347266881,77.30353706429726,-0.25158051644106144,0.18994119007779903,0.5794858464984182,0.2671130827086485,-0.41732967936130466,1.6380669979660032,7.043405821376183,4.767342933820196,0.9783368427676196,0.5490865199992723,0.8736794816568264,0.42619775495494355,1.0259523756365816,3.2025877105351555,15.158806338709832,10.572845512614625,698.0,0.003278385895913323,0.014937967202771997,0.15021459227467812,0.19313304721030042,0.17167381974248927,0.07969808045861743,0.21145934701926167,0.25275923672502404,174.75,8.0
65,bend_elbows,YDS,left,311,0.32730766751048385,0.1618849808548504,0.8866210583657386,0.026258073587983377,0.33070032181962794,0.16472703128206903,20.643086816720256,10.886716178467363,89.2572347266881,77.30353706429726,-0.25158051644106144,0.18994119007779903,0.5794858464984182,0.2671130827086485,-0.41732967936130466,1.6380669979660032,7.043405821376183,4.767342933820196,0.9783368427676196,0.5490865199992723,0.8736794816568264,0.42619775495494355,1.0259523756365816,3.2025877105351555,15.158806338709832,10.572845512614625,662.0,0.0032760412868774883,0.016997090120686495,0.1583710407239819,0.20361990950226244,0.18099547511312217,0.09709835067671944,0.1477251961165652,0.3583829732413895,165.75,8.0
66,bend_elbows,YDS,left,311,0.32730766751048385,0.1618849808548504,0.8866210583657386,0.026258073587983377,0.33070032181962794,0.16472703128206903,20.643086816720256,10.886716178467363,89.2572347266881,77.30353706429726,-0.25158051644106144,0.18994119007779903,0.5794858464984182,0.2671130827086485,-0.41732967936130466,1.6380669979660032,7.043405821376183,4.767342933820196,0.9783368427676196,0.5490865199992723,0.8736794816568264,0.42619775495494355,1.0259523756365816,3.2025877105351555,15.158806338709832,10.572845512614625,683.0,0.0029810413999079794,0.01499595780830621,0.547845142439737,0.19722425127830534,0.17531044558071585,0.07316392273952164,0.10166446920910245,0.3330732174037,171.125,8.0
67,bend_elbows,YDS,left,311,0.32730766751048385,0.1618849808548504,0.8866210583657386,0.026258073587983377,0.33070032181962794,0.16472703128206903,20.643086816720256,10.886716178467363,89.2572347266881,77.30353706429726,-0.25158051644106144,0.18994119007779903,0.5794858464984182,0.2671130827086485,-0.41732967936130466,1.6380669979660032,7.043405821376183,4.767342933820196,0.9783368427676196,0.5490865199992723,0.8736794816568264,0.42619775495494355,1.0259523756365816,3.2025877105351555,15.158806338709832,10.572845512614625,683.0,0.003276301899680894,0.015173417533641764,0.02191380569758948,0.08765522279035792,0.17531044558071585,0.10677062002194505,0.18475645890255193,0.21975737411598112,171.125,8.0
68,bend_elbows,YDS,left,311,0.32730766751048385,0.1618849808548504,0.8866210583657386,0.026258073587983377,0.33070032181962794,0.16472703128206903,20.643086816720256,10.886716178467363,89.2572347266881,77.30353706429726,-0.25158051644106144,0.18994119007779903,0.5794858464984182,0.2671130827086485,-0.41732967936130466,1.6380669979660032,7.043405821376183,4.767342933820196,0.9783368427676196,0.5490865199992723,0.8736794816568264,0.42619775495494355,1.0259523756365816,3.2025877105351555,15.158806338709832,10.572845512614625,683.0,0.0030161025135139103,0.011590251336010849,0.021929824561403508,0.17543859649122806,0.21929824561403508,0.09488102417159101,0.10964710104365441,0.13080035952423724,136.8,10.0
69,bend_elbows,YDS,left,311,0.32730766751048385,0.1618849808548504,0.8866210583657386,0.026258073587983377,0.33070032181962794,0.16472703128206903,20.643086816720256,10.886716178467363,89.2572347266881,77.30353706429726,-0.25158051644106144,0.18994119007779903,0.5794858464984182,0.2671130827086485,-0.41732967936130466,1.6380669979660032,7.043405821376183,4.767342933820196,0.9783368427676196,0.5490865199992723,0.8736794816568264,0.42619775495494355,1.0259523756365816,3.2025877105351555,15.158806338709832,10.572845512614625,687.0,0.0036256355165390107,0.01617397242352112,0.5446623093681917,0.19607843137254904,0.17429193899782136,0.08844191434982064,0.10989289594942286,0.3574629032524011,172.125,8.0
70,bend_elbows,YDS,left,311,0.32730766751048385,0.1618849808548504,0.8866210583657386,0.026258073587983377,0.33070032181962794,0.16472703128206903,20.643086816720256,10.886716178467363,89.2572347266881,77.30353706429726,-0.25158051644106144,0.18994119007779903,0.5794858464984182,0.2671130827086485,-0.41732967936130466,1.6380669979660032,7.043405821376183,4.767342933820196,0.9783368427676196,0.5490865199992723,0.8736794816568264,0.42619775495494355,1.0259523756365816,3.2025877105351555,15.158806338709832,10.572845512614625,682.0,0.00304037269139148,0.013713256007249394,0.15362106803218728,0.13167520117044623,0.02194586686174104,0.13213313492951118,0.14806274526475538,0.207114486654535,1366.9999999999998,1.0000000000000002
71,bend_elbows,YDS,left,311,0.32730766751048385,0.1618849808548504,0.8866210583657386,0.026258073587983377,0.33070032181962794,0.16472703128206903,20.643086816720256,10.886716178467363,89.2572347266881,77.30353706429726,-0.25158051644106144,0.18994119007779903,0.5794858464984182,0.2671130827086485,-0.41732967936130466,1.6380669979660032,7.043405821376183,4.767342933820196,0.9783368427676196,0.5490865199992723,0.8736794816568264,0.42619775495494355,1.0259523756365816,3.2025877105351555,15.158806338709832,10.572845512614625,684.0,0.0028750218622191383,0.013974238598040454,0.021897810218978103,0.19708029197080293,0.17518248175182483,0.08246349554534041,0.11641674902013759,0.2855354815043785,171.25,8.0
72,bend_elbows,YDS,left,311,0.32730766751048385,0.1618849808548504,0.8866210583657386,0.026258073587983377,0.33070032181962794,0.16472703128206903,20.643086816720256,10.886716178467363,89.2572347266881,77.30353706429726,-0.25158051644106144,0.18994119007779903,0.5794858464984182,0.2671130827086485,-0.41732967936130466,1.6380669979660032,7.043405821376183,4.767342933820196,0.9783368427676196,0.5490865199992723,0.8736794816568264,0.42619775495494355,1.0259523756365816,3.2025877105351555,15.158806338709832,10.572845512614625,686.0,0.0030921208657009387,0.016246028613362745,0.5454545454545454,0.19636363636363635,0.17454545454545453,0.09228087335569166,0.11582335377608909,0.36270100862271715,171.875,8.0
73,bend_elbows,YDS,left,311,0.32730766751048385,0.1618849808548504,0.8866210583657386,0.026258073587983377,0.33070032181962794,0.16472703128206903,20.643086816720256,10.886716178467363,89.2572347266881,77.30353706429726,-0.25158051644106144,0.18994119007779903,0.5794858464984182,0.2671130827086485,-0.41732967936130466,1.6380669979660032,7.043405821376183,4.767342933820196,0.9783368427676196,0.5490865199992723,0.8736794816568264,0.42619775495494355,1.0259523756365816,3.2025877105351555,15.158806338709832,10.572845512614625,681.0,0.002692969898498876,0.013554980226056819,0.19780219780219782,0.04395604395604396,0.17582417582417584,0.12601551483665252,0.14761208147594584,0.15990980320414103,170.625,8.0
74,bend_elbows,YDS,left,311,0.32730766751048385,0.1618849808548504,0.8866210583657386,0.026258073587983377,0.33070032181962794,0.16472703128206903,20.643086816720256,10.886716178467363,89.2572347266881,77.30353706429726,-0.25158051644106144,0.18994119007779903,0.5794858464984182,0.2671130827086485,-0.41732967936130466,1.6380669979660032,7.043405821376183,4.767342933820196,0.9783368427676196,0.5490865199992723,0.8736794816568264,0.42619775495494355,1.0259523756365816,3.2025877105351555,15.158806338709832,10.572845512614625,684.0,0.0030911996438411265,0.016617629470290746,0.5470459518599562,0.19693654266958424,0.175054704595186,0.0751451241226376,0.14661277724423474,0.3531015527680738,171.375,8.0
75,bend_elbows,YDS,left,311,0.32730766751048385,0.1618849808548504,0.8866210583657386,0.026258073587983377,0.33070032181962794,0.16472703128206903,20.643086816720256,10.886716178467363,89.2572347266881,77.30353706429726,-0.25158051644106144,0.18994119007779903,0.5794858464984182,0.2671130827086485,-0.41732967936130466,1.6380669979660032,7.043405821376183,4.767342933820196,0.9783368427676196,0.5490865199992723,0.8736794816568264,0.42619775495494355,1.0259523756365816,3.2025877105351555,15.158806338709832,10.572845512614625,690.0,0.002824204527029947,0.016778874279260534,0.5426917510853836,0.19536903039073808,0.17366136034732274,0.0827134670426425,0.10772584487010957,0.38203125087220646,172.74999999999997,8.000000000000002
76,bend_elbows,YDS,left,311,0.32730766751048385,0.1618849808548504,0.8866210583657386,0.026258073587983377,0.33070032181962794,0.16472703128206903,20.643086816720256,10.886716178467363,89.2572347266881,77.30353706429726,-0.25158051644106144,0.18994119007779903,0.5794858464984182,0.2671130827086485,-0.41732967936130466,1.6380669979660032,7.043405821376183,4.767342933820196,0.9783368427676196,0.5490865199992723,0.8736794816568264,0.42619775495494355,1.0259523756365816,3.2025877105351555,15.158806338709832,10.572845512614625,663.0,0.0032424255172418784,0.01662201330976928,0.22590361445783133,0.2033132530120482,0.18072289156626506,0.08169399307598212,0.11985832369905097,0.35500393620767684,166.0,8.0
77,bend_elbows,YDS,left,311,0.32730766751048385,0.1618849808548504,0.8866210583657386,0.026258073587983377,0.33070032181962794,0.16472703128206903,20.643086816720256,10.886716178467363,89.2572347266881,77.30353706429726,-0.25158051644106144,0.18994119007779903,0.5794858464984182,0.2671130827086485,-0.41732967936130466,1.6380669979660032,7.043405821376183,4.767342933820196,0.9783368427676196,0.5490865199992723,0.8736794816568264,0.42619775495494355,1.0259523756365816,3.2025877105351555,15.158806338709832,10.572845512614625,682.0,0.002702673958848066,0.01094827081698473,0.06588579795021962,0.2635431918008785,0.17569546120058566,0.09068318967772393,0.10439871834198353,0.15194007470472998,170.75,8.0
78,bend_elbows,YDS,left,311,0.32730766751048385,0.1618849808548504,0.8866210583657386,0.026258073587983377,0.33070032181962794,0.16472703128206903,20.643086816720256,10.886716178467363,89.2572347266881,77.30353706429726,-0.25158051644106144,0.18994119007779903,0.5794858464984182,0.2671130827086485,-0.41732967936130466,1.6380669979660032,7.043405821376183,4.767342933820196,0.9783368427676196,0.5490865199992723,0.8736794816568264,0.42619775495494355,1.0259523756365816,3.2025877105351555,15.158806338709832,10.572845512614625,685.0,0.0025344732984921565,0.014784030999547034,0.37144938091769847,0.19664967225054625,0.17479970866715222,0.07028822892062267,0.08120074693618622,0.3309319897838535,171.625,8.0
79,bend_elbows,YDS,left,311,0.32730766751048385,0.1618849808548504,0.8866210583657386,0.026258073587983377,0.33070032181962794,0.16472703128206903,20.643086816720256,10.886716178467363,89.2572347266881,77.30353706429726,-0.25158051644106144,0.18994119007779903,0.5794858464984182,0.2671130827086485,-0.41732967936130466,1.6380669979660032,7.043405821376183,4.767342933820196,0.9783368427676196,0.5490865199992723,0.8736794816568264,0.42619775495494355,1.0259523756365816,3.2025877105351555,15.158806338709832,10.572845512614625,685.0,0.002291611507952573,0.0056151504135652265,0.19664967225054625,0.08739985433357611,0.10924981791697014,0.043329758309852216,0.043906732344856134,0.043911848851649324,274.6,5.0
80,bend_elbows,YDS,left,311,0.32730766751048385,0.1618849808548504,0.8866210583657386,0.026258073587983377,0.33070032181962794,0.16472703128206903,20.643086816720256,10.886716178467363,89.2572347266881,77.30353706429726,-0.25158051644106144,0.18994119007779903,0.5794858464984182,0.2671130827086485,-0.41732967936130466,1.6380669979660032,7.043405821376183,4.767342933820196,0.9783368427676196,0.5490865199992723,0.8736794816568264,0.42619775495494355,1.0259523756365816,3.2025877105351555,15.158806338709832,10.572845512614625,683.0,0.0029044340811694848,0.016452386934846634,0.5482456140350876,0.19736842105263158,0.17543859649122806,0.10224612359037673,0.11161729041947108,0.37015573916635625,171.0,8.0
81,bend_elbows,YDS,left,311,0.32730766751048385,0.1618849808548504,0.8866210583657386,0.026258073587983377,0.33070032181962794,0.16472703128206903,20.643086816720256,10.886716178467363,89.2572347266881,77.30353706429726,-0.25158051644106144,0.18994119007779903,0.5794858464984182,0.2671130827086485,-0.41732967936130466,1.6380669979660032,7.043405821376183,4.767342933820196,0.9783368427676196,0.5490865199992723,0.8736794816568264,0.42619775495494355,1.0259523756365816,3.2025877105351555,15.158806338709832,10.572845512614625,619.0,0.004177625926348366,0.011619620874439067,0.43548387096774194,0.41129032258064513,0.1693548387096774,0.10029986531816253,0.10121924269042468,0.10450216771383133,177.14285714285717,6.999999999999999
82,bend_elbows,YDS,left,311,0.32730766751048385,0.1618849808548504,0.8866210583657386,0.026258073587983377,0.33070032181962794,0.16472703128206903,20.643086816720256,10.886716178467363,89.2572347266881,77.30353706429726,-0.25158051644106144,0.18994119007779903,0.5794858464984182,0.2671130827086485,-0.41732967936130466,1.6380669979660032,7.043405821376183,4.767342933820196,0.9783368427676196,0.5490865199992723,0.8736794816568264,0.42619775495494355,1.0259523756365816,3.2025877105351555,15.158806338709832,10.572845512614625,687.0,0.002250698344373423,0.01516639589468831,0.5450581395348837,0.19622093023255816,0.1744186046511628,0.07057213060235987,0.1106344136302501,0.34599568877737613,172.0,8.0
83,bend_elbows,YDS,left,311,0.32730766751048385,0.1618849808548504,0.8866210583657386,0.026258073587983377,0.33070032181962794,0.16472703128206903,20.643086816720256,10.886716178467363,89.2572347266881,77.30353706429726,-0.25158051644106144,0.18994119007779903,0.5794858464984182,0.2671130827086485,-0.41732967936130466,1.6380669979660032,7.043405821376183,4.767342933820196,0.9783368427676196,0.5490865199992723,0.8736794816568264,0.42619775495494355,1.0259523756365816,3.2025877105351555,15.158806338709832,10.572845512614625,696.0,0.002553606964268368,0.011477650211978595,0.043010752688172046,0.06451612903225806,0.021505376344086023,0.09422378401233733,0.09657660143270948,0.14528873200993925,1395.0,1.0
84,bend_elbows,YDS,left,311,0.32730766751048385,0.1618849808548504,0.8866210583657386,0.026258073587983377,0.33070032181962794,0.16472703128206903,20.643086816720256,10.886716178467363,89.2572347266881,77.30353706429726,-0.25158051644106144,0.18994119007779903,0.5794858464984182,0.2671130827086485,-0.41732967936130466,1.6380669979660032,7.043405821376183,4.767342933820196,0.9783368427676196,0.5490865199992723,0.8736794816568264,0.42619775495494355,1.0259523756365816,3.2025877105351555,15.158806338709832,10.572845512614625,689.0,0.003241860234011509,0.015068824872751893,0.15217391304347827,0.19565217391304346,0.17391304347826086,0.07698947210541873,0.11825748652602851,0.32602088778708327,172.5,8.0
85,bend_elbows,YDS,left,311,0.32730766751048385,0.1618849808548504,0.8866210583657386,0.026258073587983377,0.33070032181962794,0.16472703128206903,20.643086816720256,10.886716178467363,89.2572347266881,77.30353706429726,-0.25158051644106144,0.18994119007779903,0.5794858464984182,0.2671130827086485,-0.41732967936130466,1.6380669979660032,7.043405821376183,4.767342933820196,0.9783368427676196,0.5490865199992723,0.8736794816568264,0.42619775495494355,1.0259523756365816,3.2025877105351555,15.158806338709832,10.572845512614625,715.0,0.0033225431378747137,0.011290157577608302,0.16759776536312848,0.2094972067039106,0.14664804469273743,0.11059236449899686,0.13839895334620558,0.13889427689606973,204.57142857142858,7.0
86,bend_elbows,YDS,left,311,0.32730766751048385,0.1618849808548504,0.8866210583657386,0.026258073587983377,0.33070032181962794,0.16472703128206903,20.643086816720256,10.886716178467363,89.2572347266881,77.30353706429726,-0.25158051644106144,0.18994119007779903,0.5794858464984182,0.2671130827086485,-0.41732967936130466,1.6380669979660032,7.043405821376183,4.767342933820196,0.9783368427676196,0.5490865199992723,0.8736794816568264,0.42619775495494355,1.0259523756365816,3.2025877105351555,15.158806338709832,10.572845512614625,699.0,0.0025529474562770694,0.013064093031963486,0.04285714285714286,0.19285714285714287,0.02142857142857143,0.10848910007020438,0.11637306878072678,0.2059063468263196,1400.0,1.0
87,bend_elbows,YDS,left,311,0.32730766751048385,0.1618849808548504,0.8866210583657386,0.026258073587983377,0.33070032181962794,0.16472703128206903,20.643086816720256,10.886716178467363,89.2572347266881,77.30353706429726,-0.25158051644106144,0.18994119007779903,0.5794858464984182,0.2671130827086485,-0.41732967936130466,1.6380669979660032,7.043405821376183,4.767342933820196,0.9783368427676196,0.5490865199992723,0.8736794816568264,0.42619775495494355,1.0259523756365816,3.2025877105351555,15.158806338709832,10.572845512614625,706.0,0.0025036944985890337,0.014684936677838153,0.06364922206506365,0.19094766619519096,0.16973125884016974,0.06897885302794397,0.09166072975552665,0.3229203536259505,176.75,8.0
88,bend_elbows,YDS,left,311,0.32730766751048385,0.1618849808548504,0.8866210583657386,0.026258073587983377,0.33070032181962794,0.16472703128206903,20.643086816720256,10.886716178467363,89.2572347266881,77.30353706429726,-0.25158051644106144,0.18994119007779903,0.5794858464984182,0.2671130827086485,-0.41732967936130466,1.6380669979660032,7.043405821376183,4.767342933820196,0.9783368427676196,0.5490865199992723,0.8736794816568264,0.42619775495494355,1.0259523756365816,3.2025877105351555,15.158806338709832,10.572845512614625,717.0,0.0035879537093885115,0.0109057664019756,0.3966597077244259,0.33402922755741127,0.3757828810020877,0.08919885089698311,0.10053958019840219,0.10730003639090334,79.83333333333333,18.0
89,bend_elbows,YDS,left,311,0.32730766751048385,0.1618849808548504,0.8866210583657386,0.026258073587983377,0.33070032181962794,0.16472703128206903,20.643086816720256,10.886716178467363,89.2572347266881,77.30353706429726,-0.25158051644106144,0.18994119007779903,0.5794858464984182,0.2671130827086485,-0.41732967936130466,1.6380669979660032,7.043405821376183,4.767342933820196,0.9783368427676196,0.5490865199992723,0.8736794816568264,0.42619775495494355,1.0259523756365816,3.2025877105351555,15.158806338709832,10.572845512614625,698.0,0.0026661592026820647,0.01598527477892024,0.5360972122944961,0.19299499642601858,0.17155110793423875,0.09113955594710153,0.10876085569597692,0.36659861973440555,174.875,8.0
90,bend_elbows,YDS,left,311,0.32730766751048385,0.1618849808548504,0.8866210583657386,0.026258073587983377,0.33070032181962794,0.16472703128206903,20.643086816720256,10.886716178467363,89.2572347266881,77.30353706429726,-0.25158051644106144,0.18994119007779903,0.5794858464984182,0.2671130827086485,-0.41732967936130466,1.6380669979660032,7.043405821376183,4.767342933820196,0.9783368427676196,0.5490865199992723,0.8736794816568264,0.42619775495494355,1.0259523756365816,3.2025877105351555,15.158806338709832,10.572845512614625,701.0,0.0027890372277325306,0.015238649378693557,0.5338078291814947,0.19217081850533807,0.1708185053380783,0.08185003998129235,0.10866259485138835,0.33962750833898997,175.625,8.0
91,bend_elbows,YDS,left,311,0.32730766751048385,0.1618849808548504,0.8866210583657386,0.026258073587983377,0.33070032181962794,0.16472703128206903,20.643086816720256,10.886716178467363,89.2572347266881,77.30353706429726,-0.25158051644106144,0.18994119007779903,0.5794858464984182,0.2671130827086485,-0.41732967936130466,1.6380669979660032,7.043405821376183,4.767342933820196,0.9783368427676196,0.5490865199992723,0.8736794816568264,0.42619775495494355,1.0259523756365816,3.2025877105351555,15.158806338709832,10.572845512614625,713.0,0.0030936592581522686,0.016438005252434655,0.5252100840336134,0.18907563025210083,0.1680672268907563,0.08944289935092085,0.1252138047388134,0.36245251299647335,178.50000000000003,7.999999999999999
92,bend_elbows,YDS,left,311,0.32730766751048385,0.1618849808548504,0.8866210583657386,0.026258073587983377,0.33070032181962794,0.16472703128206903,20.643086816720256,10.886716178467363,89.2572347266881,77.30353706429726,-0.25158051644106144,0.18994119007779903,0.5794858464984182,0.2671130827086485,-0.41732967936130466,1.6380669979660032,7.043405821376183,4.767342933820196,0.9783368427676196,0.5490865199992723,0.8736794816568264,0.42619775495494355,1.0259523756365816,3.2025877105351555,15.158806338709832,10.572845512614625,701.0,0.0033862946031437747,0.012546882675893942,0.3416370106761566,0.21352313167259787,0.1708185053380783,0.09240675218015969,0.10468431541305191,0.198699426909171,175.625,8.0
93,bend_elbows,YDS,left,311,0.32730766751048385,0.1618849808548504,0.8866210583657386,0.026258073587983377,0.33070032181962794,0.16472703128206903,20.643086816720256,10.886716178467363,89.2572347266881,77.30353706429726,-0.25158051644106144,0.18994119007779903,0.5794858464984182,0.2671130827086485,-0.41732967936130466,1.6380669979660032,7.043405821376183,4.767342933820196,0.9783368427676196,0.5490865199992723,0.8736794816568264,0.42619775495494355,1.0259523756365816,3.2025877105351555,15.158806338709832,10.572845512614625,706.0,0.0033397742649470467,0.013387698013460824,0.04240282685512368,0.12720848056537104,0.1696113074204947,0.1194128664534665,0.13274776357844792,0.19478129120871734,176.875,8.0
94,bend_elbows,YDS,left,311,0.32730766751048385,0.1618849808548504,0.8866210583657386,0.026258073587983377,0.33070032181962794,0.16472703128206903,20.643086816720256,10.886716178467363,89.2572347266881,77.30353706429726,-0.25158051644106144,0.18994119007779903,0.5794858464984182,0.2671130827086485,-0.41732967936130466,1.6380669979660032,7.043405821376183,4.767342933820196,0.9783368427676196,0.5490865199992723,0.8736794816568264,0.42619775495494355,1.0259523756365816,3.2025877105351555,15.158806338709832,10.572845512614625,698.0,0.002980075364836991,0.01724531357852194,0.5360972122944961,0.19299499642601858,0.17155110793423875,0.10356891766063143,0.13552977497349136,0.3882017070829879,174.875,8.0
95,bend_elbows,YDS,left,311,0.32730766751048385,0.1618849808548504,0.8866210583657386,0.026258073587983377,0.33070032181962794,0.16472703128206903,20.643086816720256,10.886716178467363,89.2572347266881,77.30353706429726,-0.25158051644106144,0.18994119007779903,0.5794858464984182,0.2671130827086485,-0.41732967936130466,1.6380669979660032,7.043405821376183,4.767342933820196,0.9783368427676196,0.5490865199992723,0.8736794816568264,0.42619775495494355,1.0259523756365816,3.2025877105351555,15.158806338709832,10.572845512614625,716.0,0.0029444802409021205,0.016163442493002923,0.5230125523012553,0.1882845188284519,0.1673640167364017,0.07733598518480021,0.09965645751983734,0.3685877120594022,179.24999999999997,8.000000000000002
96,bend_elbows,YDS,left,311,0.32730766751048385,0.1618849808548504,0.8866210583657386,0.026258073587983377,0.33070032181962794,0.16472703128206903,20.643086816720256,10.886716178467363,89.2572347266881,77.30353706429726,-0.25158051644106144,0.18994119007779903,0.5794858464984182,0.2671130827086485,-0.41732967936130466,1.6380669979660032,7.043405821376183,4.767342933820196,0.9783368427676196,0.5490865199992723,0.8736794816568264,0.42619775495494355,1.0259523756365816,3.2025877105351555,15.158806338709832,10.572845512614625,716.0,0.003849091738083067,0.011903786310238985,0.46025104602510464,0.1882845188284519,0.2092050209205021,0.0941159061133996,0.09831019778916221,0.10680852524076655,143.39999999999998,10.000000000000002
97,bend_elbows,YDS,left,311,0.32730766751048385,0.1618849808548504,0.8866210583657386,0.026258073587983377,0.33070032181962794,0.16472703128206903,20.643086816720256,10.886716178467363,89.2572347266881,77.30353706429726,-0.25158051644106144,0.18994119007779903,0.5794858464984182,0.2671130827086485,-0.41732967936130466,1.6380669979660032,7.043405821376183,4.767342933820196,0.9783368427676196,0.5490865199992723,0.8736794816568264,0.42619775495494355,1.0259523756365816,3.2025877105351555,15.158806338709832,10.572845512614625,700.0,0.0028160933086779933,0.013304500174877672,0.08559201141226819,0.14978601997146934,0.021398002853067047,0.12131060960859442,0.13445636763780455,0.16786249399511532,1402.0,1.0
98,bend_elbows,YDS,right,306,0.33547617687732234,0.16554398824802877,0.8934829023536014,0.033352206119721915,0.33649797340755516,0.166160921732317,21.5718954248366,12.16537929720096,90.73856209150327,64.39053705466304,-0.2451246481687098,0.24205558546850459,0.5704549975875736,0.2554599629456151,-0.5164276396319538,2.230802664955469,6.565114719643777,4.675291482137117,1.0161031685636444,0.7290973996715832,0.8703711219470895,0.4749741639475894,1.937407625073051,5.50870380478747,15.166307900481737,12.743153546720286,733.0,0.003019395140268216,0.013106045095732878,0.388283378746594,0.3678474114441417,0.32697547683923706,0.107977235623757,0.1086741581601199,0.20570892192819784,91.75,16.0
99,bend_elbows,YDS,right,306,0.33547617687732234,0.16554398824802877,0.8934829023536014,0.033352206119721915,0.33649797340755516,0.166160921732317,21.5718954248366,12.16537929720096,90.73856209150327,64.39053705466304,-0.2451246481687098,0.24205558546850459,0.5704549975875736,0.2554599629456151,-0.5164276396319538,2.230802664955469,6.565114719643777,4.675291482137117,1.0161031685636444,0.7290973996715832,0.8703711219470895,0.4749741639475894,1.937407625073051,5.50870380478747,15.166307900481737,12.743153546720286,631.0,0.002169598918096333,0.0056422188268770756,0.18972332015810278,0.047430830039525695,0.23715415019762848,0.04314261663485275,0.04502616437291368,0.0567514204660902,126.49999999999999,10.000000000000002
100,bend_elbows,YDS,right,306,0.33547617687732234,0.16554398824802877,0.8934829023536014,0.033352206119721915,0.33649797340755516,0.166160921732317,21.5718954248366,12.16537929720096,90.73856209150327,64.39053705466304,-0.2451246481687098,0.24205558546850459,0.5704549975875736,0.2554599629456151,-0.5164276396319538,2.230802664955469,6.565114719643777,4.675291482137117,1.0161031685636444,0.7290973996715832,0.8703711219470895,0.4749741639475894,1.937407625073051,5.50870380478747,15.166307900481737,12.743153546720286,742.0,0.003510598842352734,0.01655704501639811,0.5047106325706595,0.18169582772543744,0.16150740242261105,0.08824364099666823,0.10462811081453016,0.3922125629272963,185.74999999999997,8.000000000000002
101,bend_elbows,YDS,right,306,0.33547617687732234,0.16554398824802877,0.8934829023536014,0.033352206119721915,0.33649797340755516,0.166160921732317,21.5718954248366,12.16537929720096,90.73856209150327,64.39053705466304,-0.2451246481687098,0.24205558546850459,0.5704549975875736,0.2554599629456151,-0.5164276396319538,2.230802664955469,6.565114719643777,4.675291482137117,1.0161031685636444,0.7290973996715832,0.8703711219470895,0.4749741639475894,1.937407625073051,5.50870380478747,15.166307900481737,12.743153546720286,641.0,0.0029202118901727097,0.01631223230846738,0.0933852140077821,0.11673151750972763,0.1867704280155642,0.06608421966394257,0.06729633562098215,0.3632033967792657,160.625,8.0
102,bend_elbows,YDS,right,306,0.33547617687732234,0.16554398824802877,0.8934829023536014,0.033352206119721915,0.33649797340755516,0.166160921732317,21.5718954248366,12.16537929720096,90.73856209150327,64.39053705466304,-0.2451246481687098,0.24205558546850459,0.5704549975875736,0.2554599629456151,-0.5164276396319538,2.230802664955469,6.565114719643777,4.675291482137117,1.0161031685636444,0.7290973996715832,0.8703711219470895,0.4749741639475894,1.937407625073051,5.50870380478747,15.166307900481737,12.743153546720286,557.0,0.0022020565473359196,0.007105088225526832,0.08064516129032256,0.05376344086021505,0.026881720430107524,0.06623288466984797,0.06726214579031155,0.07211204282065728,1116.0000000000002,0.9999999999999998
103,bend_elbows,YDS,right,306,0.33547617687732234,0.16554398824802877,0.8934829023536014,0.033352206119721915,0.33649797340755516,0.166160921732317,21.5718954248366,12.16537929720096,90.73856209150327,64.39053705466304,-0.2451246481687098,0.24205558546850459,0.5704549975875736,0.2554599629456151,-0.5164276396319538,2.230802664955469,6.565114719643777,4.675291482137117,1.0161031685636444,0.7290973996715832,0.8703711219470895,0.4749741639475894,1.937407625073051,5.50870380478747,15.166307900481737,12.743153546720286,635.0,0.0032382079341553463,0.01743640303362023,0.589622641509434,0.21226415094339623,0.18867924528301888,0.09002396577999391,0.12509403361189006,0.3677074004839626,159.0,8.0
104,bend_elbows,YDS,right,306,0.33547617687732234,0.16554398824802877,0.8934829023536014,0.033352206119721915,0.33649797340755516,0.166160921732317,21.5718954248366,12.16537929720096,90.73856209150327,64.39053705466304,-0.2451246481687098,0.24205558546850459,0.5704549975875736,0.2554599629456151,-0.5164276396319538,2.230802664955469,6.565114719643777,4.675291482137117,1.0161031685636444,0.7290973996715832,0.8703711219470895,0.4749741639475894,1.937407625073051,5.50870380478747,15.166307900481737,12.743153546720286,699.0,0.0031044293313486006,0.014887970312447936,0.14989293361884368,0.19271948608137043,0.17130620985010706,0.0978283962459849,0.20088598519778014,0.25896395371666575,175.125,8.0
105,bend_elbows,YDS,right,306,0.33547617687732234,0.16554398824802877,0.8934829023536014,0.033352206119721915,0.33649797340755516,0.166160921732317,21.5718954248366,12.16537929720096,90.73856209150327,64.39053705466304,-0.2451246481687098,0.24205558546850459,0.5704549975875736,0.2554599629456151,-0.5164276396319538,2.230802664955469,6.565114719643777,4.675291482137117,1.0161031685636444,0.7290973996715832,0.8703711219470895,0.4749741639475894,1.937407625073051,5.50870380478747,15.166307900481737,12.743153546720286,682.0,0.0025180187721202583,0.015970907856099874,0.5490483162518301,0.19765739385065886,0.17569546120058566,0.08059788518135706,0.1174287930563643,0.3597016277423216,170.75,8.0
106,bend_elbows,YDS,right,306,0.33547617687732234,0.16554398824802877,0.8934829023536014,0.033352206119721915,0.33649797340755516,0.166160921732317,21.5718954248366,12.16537929720096,90.73856209150327,64.39053705466304,-0.2451246481687098,0.24205558546850459,0.5704549975875736,0.2554599629456151,-0.5164276396319538,2.230802664955469,6.565114719643777,4.675291482137117,1.0161031685636444,0.7290973996715832,0.8703711219470895,0.4749741639475894,1.937407625073051,5.50870380478747,15.166307900481737,12.743153546720286,394.0,0.000991761536372528,0.0021261248109147417,0.6447534766118838,0.3413400758533502,0.3034134007585335,0.011815916334510098,0.01205542625700067,0.01831250490115882,98.875,8.0
107,bend_elbows,YDS,right,306,0.33547617687732234,0.16554398824802877,0.8934829023536014,0.033352206119721915,0.33649797340755516,0.166160921732317,21.5718954248366,12.16537929720096,90.73856209150327,64.39053705466304,-0.2451246481687098,0.24205558546850459,0.5704549975875736,0.2554599629456151,-0.5164276396319538,2.230802664955469,6.565114719643777,4.675291482137117,1.0161031685636444,0.7290973996715832,0.8703711219470895,0.4749741639475894,1.937407625073051,5.50870380478747,15.166307900481737,12.743153546720286,551.0,0.003200076429839827,0.011132708092609866,0.19021739130434784,0.027173913043478264,0.05434782608695653,0.09595098789933196,0.09833042545636711,0.14282799987817899,552.0,2.0
108,bend_elbows,YDS,right,306,0.33547617687732234,0.16554398824802877,0.8934829023536014,0.033352206119721915,0.33649797340755516,0.166160921732317,21.5718954248366,12.16537929720096,90.73856209150327,64.39053705466304,-0.2451246481687098,0.24205558546850459,0.5704549975875736,0.2554599629456151,-0.5164276396319538,2.230802664955469,6.565114719643777,4.675291482137117,1.0161031685636444,0.7290973996715832,0.8703711219470895,0.4749741639475894,1.937407625073051,5.50870380478747,15.166307900481737,12.743153546720286,598.0,0.0029562561999297073,0.011967657243134491,0.0250208507089241,0.1751459549624687,0.1501251042535446,0.0930506927998978,0.12648464308198645,0.1545977268663816,199.83333333333334,6.0
109,bend_elbows,YDS,right,306,0.33547617687732234,0.16554398824802877,0.8934829023536014,0.033352206119721915,0.33649797340755516,0.166160921732317,21.5718954248366,12.16537929720096,90.73856209150327,64.39053705466304,-0.2451246481687098,0.24205558546850459,0.5704549975875736,0.2554599629456151,-0.5164276396319538,2.230802664955469,6.565114719643777,4.675291482137117,1.0161031685636444,0.7290973996715832,0.8703711219470895,0.4749741639475894,1.937407625073051,5.50870380478747,15.166307900481737,12.743153546720286,569.0,0.005153231595015523,0.017561925261407083,0.23663453111305874,0.18404907975460125,0.21034180543383,0.1302834073202692,0.15946504701162073,0.2670179286755777,142.625,8.0
110,bend_elbows,YDS,right,306,0.33547617687732234,0.16554398824802877,0.8934829023536014,0.033352206119721915,0.33649797340755516,0.166160921732317,21.5718954248366,12.16537929720096,90.73856209150327,64.39053705466304,-0.2451246481687098,0.24205558546850459,0.5704549975875736,0.2554599629456151,-0.5164276396319538,2.230802664955469,6.565114719643777,4.675291482137117,1.0161031685636444,0.7290973996715832,0.8703711219470895,0.4749741639475894,1.937407625073051,5.50870380478747,15.166307900481737,12.743153546720286,682.0,0.003781080484196294,0.016815926650925322,0.15362106803218728,0.04389173372348208,0.17556693489392833,0.1203650008361809,0.1846176108863098,0.25255751564764656,170.87499999999997,8.000000000000002
111,bend_elbows,YDS,right,306,0.33547617687732234,0.16554398824802877,0.8934829023536014,0.033352206119721915,0.33649797340755516,0.166160921732317,21.5718954248366,12.16537929720096,90.73856209150327,64.39053705466304,-0.2451246481687098,0.24205558546850459,0.5704549975875736,0.2554599629456151,-0.5164276396319538,2.230802664955469,6.565114719643777,4.675291482137117,1.0161031685636444,0.7290973996715832,0.8703711219470895,0.4749741639475894,1.937407625073051,5.50870380478747,15.166307900481737,12.743153546720286,662.0,0.0032512140321350916,0.014270527561307408,0.20346646571213264,0.0904295403165034,0.1808590806330068,0.1018911018955132,0.11440401564815043,0.27950551268697205,165.875,8.0
112,bend_elbows,YDS,right,306,0.33547617687732234,0.16554398824802877,0.8934829023536014,0.033352206119721915,0.33649797340755516,0.166160921732317,21.5718954248366,12.16537929720096,90.73856209150327,64.39053705466304,-0.2451246481687098,0.24205558546850459,0.5704549975875736,0.2554599629456151,-0.5164276396319538,2.230802664955469,6.565114719643777,4.675291482137117,1.0161031685636444,0.7290973996715832,0.8703711219470895,0.4749741639475894,1.937407625073051,5.50870380478747,15.166307900481737,12.743153546720286,686.0,0.0028408046724705924,0.016451675421748604,0.5454545454545454,0.19636363636363635,0.17454545454545453,0.09398599381169798,0.12217304407831969,0.3649161070699828,171.875,8.0
113,bend_elbows,YDS,right,306,0.33547617687732234,0.16554398824802877,0.8934829023536014,0.033352206119721915,0.33649797340755516,0.166160921732317,21.5718954248366,12.16537929720096,90.73856209150327,64.39053705466304,-0.2451246481687098,0.24205558546850459,0.5704549975875736,0.2554599629456151,-0.5164276396319538,2.230802664955469,6.565114719643777,4.675291482137117,1.0161031685636444,0.7290973996715832,0.8703711219470895,0.4749741639475894,1.937407625073051,5.50870380478747,15.166307900481737,12.743153546720286,681.0,0.002998021162668962,0.013867974714536768,0.2197802197802198,0.04395604395604396,0.17582417582417584,0.11011617647213731,0.15226909133904476,0.20809321305603357,170.625,8.0
114,bend_elbows,YDS,right,306,0.33547617687732234,0.16554398824802877,0.8934829023536014,0.033352206119721915,0.33649797340755516,0.166160921732317,21.5718954248366,12.16537929720096,90.73856209150327,64.39053705466304,-0.2451246481687098,0.24205558546850459,0.5704549975875736,0.2554599629456151,-0.5164276396319538,2.230802664955469,6.565114719643777,4.675291482137117,1.0161031685636444,0.7290973996715832,0.8703711219470895,0.4749741639475894,1.937407625073051,5.50870380478747,15.166307900481737,12.743153546720286,684.0,0.0031115869857114157,0.01641953319737915,0.5474452554744526,0.19708029197080293,0.17518248175182483,0.07687789624359391,0.14538945250915344,0.3485985477211924,171.25,8.0
115,bend_elbows,YDS,right,306,0.33547617687732234,0.16554398824802877,0.8934829023536014,0.033352206119721915,0.33649797340755516,0.166160921732317,21.5718954248366,12.16537929720096,90.73856209150327,64.39053705466304,-0.2451246481687098,0.24205558546850459,0.5704549975875736,0.2554599629456151,-0.5164276396319538,2.230802664955469,6.565114719643777,4.675291482137117,1.0161031685636444,0.7290973996715832,0.8703711219470895,0.4749741639475894,1.937407625073051,5.50870380478747,15.166307900481737,12.743153546720286,690.0,0.002720951888427513,0.016929519048182923,0.5426917510853836,0.19536903039073808,0.17366136034732274,0.07923882802987404,0.10895267319296774,0.3884879721062677,172.74999999999997,8.000000000000002
116,bend_elbows,YDS,right,306,0.33547617687732234,0.16554398824802877,0.8934829023536014,0.033352206119721915,0.33649797340755516,0.166160921732317,21.5718954248366,12.16537929720096,90.73856209150327,64.39053705466304,-0.2451246481687098,0.24205558546850459,0.5704549975875736,0.2554599629456151,-0.5164276396319538,2.230802664955469,6.565114719643777,4.675291482137117,1.0161031685636444,0.7290973996715832,0.8703711219470895,0.4749741639475894,1.937407625073051,5.50870380478747,15.166307900481737,12.743153546720286,682.0,0.0022505387070567845,0.015439851842077102,0.548646671543526,0.19751280175566938,0.17556693489392833,0.0852806329615575,0.11345471772976962,0.34661695384359775,170.87499999999997,8.000000000000002
117,bend_elbows,YDS,right,306,0.33547617687732234,0.16554398824802877,0.8934829023536014,0.033352206119721915,0.33649797340755516,0.166160921732317,21.5718954248366,12.16537929720096,90.73856209150327,64.39053705466304,-0.2451246481687098,0.24205558546850459,0.5704549975875736,0.2554599629456151,-0.5164276396319538,2.230802664955469,6.565114719643777,4.675291482137117,1.0161031685636444,0.7290973996715832,0.8703711219470895,0.4749741639475894,1.937407625073051,5.50870380478747,15.166307900481737,12.743153546720286,676.0,0.0025281647673718846,0.011415211962269854,0.04428044280442805,0.0885608856088561,0.1771217712177122,0.09481443107449515,0.10150440419495729,0.1845620593847573,169.37499999999997,8.000000000000002
118,bend_elbows,YDS,right,306,0.33547617687732234,0.16554398824802877,0.8934829023536014,0.033352206119721915,0.33649797340755516,0.166160921732317,21.5718954248366,12.16537929720096,90.73856209150327,64.39053705466304,-0.2451246481687098,0.24205558546850459,0.5704549975875736,0.2554599629456151,-0.5164276396319538,2.230802664955469,6.565114719643777,4.675291482137117,1.0161031685636444,0.7290973996715832,0.8703711219470895,0.4749741639475894,1.937407625073051,5.50870380478747,15.166307900481737,12.743153546720286,685.0,0.0024914454828608565,0.015915038177760472,0.021849963583394028,0.19664967225054625,0.17479970866715222,0.06960193518057252,0.08911861273508813,0.3615933448156535,171.625,8.0
119,bend_elbows,YDS,right,306,0.33547617687732234,0.16554398824802877,0.8934829023536014,0.033352206119721915,0.33649797340755516,0.166160921732317,21.5718954248366,12.16537929720096,90.73856209150327,64.39053705466304,-0.2451246481687098,0.24205558546850459,0.5704549975875736,0.2554599629456151,-0.5164276396319538,2.230802664955469,6.565114719643777,4.675291482137117,1.0161031685636444,0.7290973996715832,0.8703711219470895,0.4749741639475894,1.937407625073051,5.50870380478747,15.166307900481737,12.743153546720286,685.0,0.0023078092439029686,0.005049360412898805,0.4806991988346686,0.28404952658412236,0.13109978150036417,0.031017745310109684,0.03301129306977346,0.04463935972174233,228.83333333333334,6.0
120,bend_elbows,YDS,right,306,0.33547617687732234,0.16554398824802877,0.8934829023536014,0.033352206119721915,0.33649797340755516,0.166160921732317,21.5718954248366,12.16537929720096,90.73856209150327,64.39053705466304,-0.2451246481687098,0.24205558546850459,0.5704549975875736,0.2554599629456151,-0.5164276396319538,2.230802664955469,6.565114719643777,4.675291482137117,1.0161031685636444,0.7290973996715832,0.8703711219470895,0.4749741639475894,1.937407625073051,5.50870380478747,15.166307900481737,12.743153546720286,684.0,0.003065981688930737,0.016462925175394542,0.5474452554744526,0.19708029197080293,0.17518248175182483,0.09897109757181859,0.1135132890849436,0.3714156853355124,171.25,8.0
121,bend_elbows,YDS,right,306,0.33547617687732234,0.16554398824802877,0.8934829023536014,0.033352206119721915,0.33649797340755516,0.166160921732317,21.5718954248366,12.16537929720096,90.73856209150327,64.39053705466304,-0.2451246481687098,0.24205558546850459,0.5704549975875736,0.2554599629456151,-0.5164276396319538,2.230802664955469,6.565114719643777,4.675291482137117,1.0161031685636444,0.7290973996715832,0.8703711219470895,0.4749741639475894,1.937407625073051,5.50870380478747,15.166307900481737,12.743153546720286,638.0,0.0036804468209731167,0.011310430908053754,0.2814698983580923,0.4222048475371384,0.18764659890539484,0.06796058693699968,0.0994999671116009,0.12358721889532454,159.875,8.0
122,bend_elbows,YDS,right,306,0.33547617687732234,0.16554398824802877,0.8934829023536014,0.033352206119721915,0.33649797340755516,0.166160921732317,21.5718954248366,12.16537929720096,90.73856209150327,64.39053705466304,-0.2451246481687098,0.24205558546850459,0.5704549975875736,0.2554599629456151,-0.5164276396319538,2.230802664955469,6.565114719643777,4.675291482137117,1.0161031685636444,0.7290973996715832,0.8703711219470895,0.4749741639475894,1.937407625073051,5.50870380478747,15.166307900481737,12.743153546720286,687.0,0.0022763911550843204,0.015207108869810774,0.5450581395348837,0.19622093023255816,0.1744186046511628,0.07768651211259114,0.10786506039781114,0.3481719426965201,172.0,8.0
123,bend_elbows,YDS,right,306,0.33547617687732234,0.16554398824802877,0.8934829023536014,0.033352206119721915,0.33649797340755516,0.166160921732317,21.5718954248366,12.16537929720096,90.73856209150327,64.39053705466304,-0.2451246481687098,0.24205558546850459,0.5704549975875736,0.2554599629456151,-0.5164276396319538,2.230802664955469,6.565114719643777,4.675291482137117,1.0161031685636444,0.7290973996715832,0.8703711219470895,0.4749741639475894,1.937407625073051,5.50870380478747,15.166307900481737,12.743153546720286,696.0,0.0027927029836637834,0.011976301632616615,0.021505376344086023,0.2795698924731183,0.06451612903225806,0.1044564251720522,0.11965133580630599,0.1379133534266693,465.0,3.0
124,bend_elbows,YDS,right,306,0.33547617687732234,0.16554398824802877,0.8934829023536014,0.033352206119721915,0.33649797340755516,0.166160921732317,21.5718954248366,12.16537929720096,90.73856209150327,64.39053705466304,-0.2451246481687098,0.24205558546850459,0.5704549975875736,0.2554599629456151,-0.5164276396319538,2.230802664955469,6.565114719643777,4.675291482137117,1.0161031685636444,0.7290973996715832,0.8703711219470895,0.4749741639475894,1.937407625073051,5.50870380478747,15.166307900481737,12.743153546720286,676.0,0.00373658549538518,0.016599766688494305,0.22140221402214025,0.19926199261992622,0.1771217712177122,0.08457392779378398,0.12358500612974253,0.3548862395243139,169.37499999999997,8.000000000000002
125,bend_elbows,YDS,right,306,0.33547617687732234,0.16554398824802877,0.8934829023536014,0.033352206119721915,0.33649797340755516,0.166160921732317,21.5718954248366,12.16537929720096,90.73856209150327,64.39053705466304,-0.2451246481687098,0.24205558546850459,0.5704549975875736,0.2554599629456151,-0.5164276396319538,2.230802664955469,6.565114719643777,4.675291482137117,1.0161031685636444,0.7290973996715832,0.8703711219470895,0.4749741639475894,1.937407625073051,5.50870380478747,15.166307900481737,12.743153546720286,712.0,0.003484324783241124,0.011845211634146416,0.16818500350385426,0.21023125437981782,0.14716187806587247,0.1167410818530571,0.14236543716661113,0.14498363352130245,203.85714285714283,7.000000000000001
126,bend_elbows,YDS,right,306,0.33547617687732234,0.16554398824802877,0.8934829023536014,0.033352206119721915,0.33649797340755516,0.166160921732317,21.5718954248366,12.16537929720096,90.73856209150327,64.39053705466304,-0.2451246481687098,0.24205558546850459,0.5704549975875736,0.2554599629456151,-0.5164276396319538,2.230802664955469,6.565114719643777,4.675291482137117,1.0161031685636444,0.7290973996715832,0.8703711219470895,0.4749741639475894,1.937407625073051,5.50870380478747,15.166307900481737,12.743153546720286,693.0,0.0029726987218543976,0.011955223544713714,0.021598272138228944,0.06479481641468683,0.04319654427645789,0.11784925072795882,0.12732961536974635,0.1494916232347094,694.4999999999999,2.0000000000000004
127,bend_elbows,YDS,right,306,0.33547617687732234,0.16554398824802877,0.8934829023536014,0.033352206119721915,0.33649797340755516,0.166160921732317,21.5718954248366,12.16537929720096,90.73856209150327,64.39053705466304,-0.2451246481687098,0.24205558546850459,0.5704549975875736,0.2554599629456151,-0.5164276396319538,2.230802664955469,6.565114719643777,4.675291482137117,1.0161031685636444,0.7290973996715832,0.8703711219470895,0.4749741639475894,1.937407625073051,5.50870380478747,15.166307900481737,12.743153546720286,703.0,0.002783809094840271,0.015141658371072737,0.06392045454545456,0.19176136363636365,0.17045454545454547,0.06769802002364908,0.10116639420431302,0.3283154500784588,175.99999999999997,8.000000000000002
128,bend_elbows,YDS,right,306,0.33547617687732234,0.16554398824802877,0.8934829023536014,0.033352206119721915,0.33649797340755516,0.166160921732317,21.5718954248366,12.16537929720096,90.73856209150327,64.39053705466304,-0.2451246481687098,0.24205558546850459,0.5704549975875736,0.2554599629456151,-0.5164276396319538,2.230802664955469,6.565114719643777,4.675291482137117,1.0161031685636444,0.7290973996715832,0.8703711219470895,0.4749741639475894,1.937407625073051,5.50870380478747,15.166307900481737,12.743153546720286,717.0,0.003786566365698888,0.011322667027086834,0.3966597077244259,0.33402922755741127,0.3757828810020877,0.09264366606431162,0.1038797757007469,0.11354125518002668,79.83333333333333,18.0
129,bend_elbows,YDS,right,306,0.33547617687732234,0.16554398824802877,0.8934829023536014,0.033352206119721915,0.33649797340755516,0.166160921732317,21.5718954248366,12.16537929720096,90.73856209150327,64.39053705466304,-0.2451246481687098,0.24205558546850459,0.5704549975875736,0.2554599629456151,-0.5164276396319538,2.230802664955469,6.565114719643777,4.675291482137117,1.0161031685636444,0.7290973996715832,0.8703711219470895,0.4749741639475894,1.937407625073051,5.50870380478747,15.166307900481737,12.743153546720286,698.0,0.0028669381819270965,0.016339230360021054,0.5360972122944961,0.19299499642601858,0.17155110793423875,0.09631580902058647,0.11061824430086069,0.3748114099690149,174.875,8.0
130,bend_elbows,YDS,right,306,0.33547617687732234,0.16554398824802877,0.8934829023536014,0.033352206119721915,0.33649797340755516,0.166160921732317,21.5718954248366,12.16537929720096,90.73856209150327,64.39053705466304,-0.2451246481687098,0.24205558546850459,0.5704549975875736,0.2554599629456151,-0.5164276396319538,2.230802664955469,6.565114719643777,4.675291482137117,1.0161031685636444,0.7290973996715832,0.8703711219470895,0.4749741639475894,1.937407625073051,5.50870380478747,15.166307900481737,12.743153546720286,701.0,0.003016891870622479,0.016277257180992655,0.5338078291814947,0.19217081850533807,0.1708185053380783,0.0874272160936934,0.11507709884929021,0.3624254559420857,175.625,8.0
131,bend_elbows,YDS,right,306,0.33547617687732234,0.16554398824802877,0.8934829023536014,0.033352206119721915,0.33649797340755516,0.166160921732317,21.5718954248366,12.16537929720096,90.73856209150327,64.39053705466304,-0.2451246481687098,0.24205558546850459,0.5704549975875736,0.2554599629456151,-0.5164276396319538,2.230802664955469,6.565114719643777,4.675291482137117,1.0161031685636444,0.7290973996715832,0.8703711219470895,0.4749741639475894,1.937407625073051,5.50870380478747,15.166307900481737,12.743153546720286,713.0,0.0031074288019701966,0.016120273703556412,0.5252100840336134,0.18907563025210083,0.1680672268907563,0.08999493719918335,0.12369845429183494,0.3564964985088266,178.50000000000003,7.999999999999999
132,bend_elbows,YDS,right,306,0.33547617687732234,0.16554398824802877,0.8934829023536014,0.033352206119721915,0.33649797340755516,0.166160921732317,21.5718954248366,12.16537929720096,90.73856209150327,64.39053705466304,-0.2451246481687098,0.24205558546850459,0.5704549975875736,0.2554599629456151,-0.5164276396319538,2.230802664955469,6.565114719643777,4.675291482137117,1.0161031685636444,0.7290973996715832,0.8703711219470895,0.4749741639475894,1.937407625073051,5.50870380478747,15.166307900481737,12.743153546720286,701.0,0.0035011415478138773,0.012483357656216332,0.3416370106761566,0.21352313167259787,0.1708185053380783,0.09371950728557957,0.10365754381112453,0.19819855741621667,175.625,8.0
133,bend_elbows,YDS,right,306,0.33547617687732234,0.16554398824802877,0.8934829023536014,0.033352206119721915,0.33649797340755516,0.166160921732317,21.5718954248366,12.16537929720096,90.73856209150327,64.39053705466304,-0.2451246481687098,0.24205558546850459,0.5704549975875736,0.2554599629456151,-0.5164276396319538,2.230802664955469,6.565114719643777,4.675291482137117,1.0161031685636444,0.7290973996715832,0.8703711219470895,0.4749741639475894,1.937407625073051,5.50870380478747,15.166307900481737,12.743153546720286,706.0,0.003304886622416047,0.01236473355953594,0.06360424028268552,0.04240282685512368,0.1696113074204947,0.08954844966464029,0.09414885886909863,0.1828899226535795,176.875,8.0
134,bend_elbows,YDS,right,306,0.33547617687732234,0.16554398824802877,0.8934829023536014,0.033352206119721915,0.33649797340755516,0.166160921732317,21.5718954248366,12.16537929720096,90.73856209150327,64.39053705466304,-0.2451246481687098,0.24205558546850459,0.5704549975875736,0.2554599629456151,-0.5164276396319538,2.230802664955469,6.565114719643777,4.675291482137117,1.0161031685636444,0.7290973996715832,0.8703711219470895,0.4749741639475894,1.937407625073051,5.50870380478747,15.166307900481737,12.743153546720286,698.0,0.0030986029059119256,0.017192158043235952,0.5360972122944961,0.19299499642601858,0.17155110793423875,0.10472538210884325,0.1380358340953768,0.385589420607668,174.875,8.0
135,bend_elbows,YDS,right,306,0.33547617687732234,0.16554398824802877,0.8934829023536014,0.033352206119721915,0.33649797340755516,0.166160921732317,21.5718954248366,12.16537929720096,90.73856209150327,64.39053705466304,-0.2451246481687098,0.24205558546850459,0.5704549975875736,0.2554599629456151,-0.5164276396319538,2.230802664955469,6.565114719643777,4.675291482137117,1.0161031685636444,0.7290973996715832,0.8703711219470895,0.4749741639475894,1.937407625073051,5.50870380478747,15.166307900481737,12.743153546720286,692.0,0.0035204099911141967,0.016814132358452492,0.5411255411255411,0.1948051948051948,0.17316017316017315,0.08814639662884306,0.12373401744271012,0.3702011614404637,173.25,8.0
136,bend_elbows,YDS,right,306,0.33547617687732234,0.16554398824802877,0.8934829023536014,0.033352206119721915,0.33649797340755516,0.166160921732317,21.5718954248366,12.16537929720096,90.73856209150327,64.39053705466304,-0.2451246481687098,0.24205558546850459,0.5704549975875736,0.2554599629456151,-0.5164276396319538,2.230802664955469,6.565114719643777,4.675291482137117,1.0161031685636444,0.7290973996715832,0.8703711219470895,0.4749741639475894,1.937407625073051,5.50870380478747,15.166307900481737,12.743153546720286,714.0,0.004374343207360786,0.013068885621409402,0.46121593291404606,0.18867924528301885,0.20964360587002095,0.10611402775342205,0.10624954115299426,0.11353953759127919,143.1,10.0
137,bend_elbows,YDS,right,306,0.33547617687732234,0.16554398824802877,0.8934829023536014,0.033352206119721915,0.33649797340755516,0.166160921732317,21.5718954248366,12.16537929720096,90.73856209150327,64.39053705466304,-0.2451246481687098,0.24205558546850459,0.5704549975875736,0.2554599629456151,-0.5164276396319538,2.230802664955469,6.565114719643777,4.675291482137117,1.0161031685636444,0.7290973996715832,0.8703711219470895,0.4749741639475894,1.937407625073051,5.50870380478747,15.166307900481737,12.743153546720286,700.0,0.003251879771452928,0.014345603066158685,0.042796005706134094,0.1925820256776034,0.17118402282453637,0.11689783910858208,0.13344305218890617,0.2364928335124939,175.25,8.0
